Date,Day of Week,origin_census_block_group,Weight,Race,Entropy_norm,Entropy_cat,device_count,Amplitude,Phase Angle,Baseline,R2,Adjusted R2,Residuals Sum,Range,Time,Time1,Time2
2020-03-13,Friday,294352091950.3605,17.326085437984762,1.0,0.3855934162076096,1.4560355274125651,1479.2629532862154,0.12929277598793246,0.9867698585064778,0.4312477953680967,0.8772332850168778,0.8588182777694094,0.028464043687594576,0.2585855519758649,3.6121339155341103,13.38786608446589,13:23
2020-03-16,Monday,294362315527.72736,18.51502556952507,1.0,0.3854147602965203,1.4555665792644037,1487.5032315215078,0.09963735882939012,1.2279546943252264,0.4826314303120081,0.9650869022895382,0.9598499376329688,0.00443541818165905,0.19927471765878024,4.495006368379414,12.504993631620586,12:30
2020-03-17,Tuesday,294289650203.87946,18.564575813119237,1.0,0.3855912472092949,1.4559333305035584,1486.230916705576,0.08697014470129956,1.152026236587793,0.5004942261400045,0.9688344366944424,0.9641596021986087,0.002992721447165293,0.17394028940259912,4.217065412863512,12.782934587136488,12:46
2020-03-18,Wednesday,294553699321.18524,18.602206985101823,1.0,0.3854113159299192,1.4554849868156172,1487.2665513623865,0.08281361026990712,1.190813863186794,0.505267893660938,0.972132579282621,0.9679524661750141,0.0024233399108443245,0.16562722053981427,4.359049990456287,12.640950009543712,12:38
2020-03-19,Thursday,294432058190.8272,18.312805025412246,1.0,0.3853246836094641,1.4553169820928455,1485.8554555998755,0.07249274596346109,0.9420946885908512,0.496034816338181,0.9291768838361514,0.9185534164115741,0.00485752569007229,0.14498549192692214,3.448597610646637,13.551402389353363,13:33
2020-03-20,Friday,294638817106.0597,18.690701235943536,1.0,0.3851393061457644,1.4548005740511816,1488.8863691262768,0.06371101030520529,0.8418722630370625,0.4546076032564223,0.909277684896356,0.8956693376308092,0.004873340194873062,0.12742202061041058,3.0817270386291034,13.918272961370896,13:55
2020-03-23,Monday,294373967676.296,18.44985841640871,1.0,0.3854315533651124,1.4556692001243183,1484.9675288898934,0.06068010763075311,1.1297824855640195,0.5121527666485487,0.96414001376121,0.9587610158253916,0.0016822578456503776,0.12136021526150625,4.135640745511717,12.864359254488283,12:51
2020-03-24,Tuesday,294561883997.6044,18.646864957587038,1.0,0.38530040828967066,1.4553785482246464,1487.8070304852965,0.06381987227194501,1.3551628244335945,0.5253502499453531,0.9398930847753976,0.9308770474917072,0.00323359523262103,0.12763974454389002,4.96065983066856,12.039340169331439,12:02
2020-03-25,Wednesday,294423322919.65125,17.845458572893666,1.0,0.3851476994283036,1.4552509198871508,1482.0217114474067,0.05520382974047761,0.9022038786091036,0.5201735345327426,0.9112481043910238,0.8979353200496774,0.0035884669572857327,0.11040765948095524,3.30257476001834,13.69742523998166,13:41
2020-03-26,Thursday,294597860896.9206,19.44124977123693,1.0,0.3852861453698798,1.4552564477997842,1492.6353877250754,0.0609489464258522,0.9952264237431298,0.5312148857559826,0.9687111908053914,0.9640178694262,0.0014607461363033635,0.1218978928517044,3.6430897111909317,13.356910288809068,13:21
2020-03-27,Friday,294351596738.8644,19.90090351599536,1.0,0.3853701152756092,1.4552087148222352,1496.3032666221447,0.05877001463691817,1.1151837981317834,0.5366125975543605,0.9746729860465572,0.9708739339535408,0.0011014884433476657,0.11754002927383635,4.082201320359357,12.917798679640644,12:55
2020-03-30,Monday,294596111156.5904,18.55435492777281,1.0,0.3850528790802482,1.4548888699892273,1487.0555508306402,0.05195329781244305,1.1041230500700985,0.5210516823715334,0.9733350067749186,0.9693352577911564,0.0009068795682874443,0.10390659562488608,4.041712747608198,12.958287252391802,12:57
2020-03-31,Tuesday,294280952239.7129,18.915452008759765,1.0,0.38529260650858654,1.4551701593934097,1489.107411118454,0.05369557320609627,1.1403611345514897,0.5303786188465076,0.9725486514156338,0.9684309491279788,0.0010003071635457488,0.10739114641219254,4.174364563896286,12.825635436103713,12:49
2020-04-01,Wednesday,294369440831.1312,17.261497568021518,1.0,0.3851055472248172,1.4550703338232207,1478.274357897683,0.0577001626828961,1.058897953085125,0.5541779839826733,0.9775755944136784,0.9742119335757302,0.0009338864881565132,0.1154003253657922,3.8761633996579135,13.123836600342086,13:07
2020-04-02,Thursday,294399717926.8446,17.401089146444235,1.0,0.38497490366768494,1.45495751105133,1478.8467875832791,0.056704981482093575,1.0144336816043773,0.5539469439081459,0.9768796621303788,0.9734116114499356,0.0009277631504883623,0.11340996296418715,3.7133991019236707,13.28660089807633,13:17
2020-04-03,Friday,294505418449.0741,17.528680885127102,1.0,0.38510284400629263,1.4551745942527927,1480.7750579638864,0.0551014533723206,0.9626109232054912,0.5517881075111866,0.975136771043548,0.9714072867000804,0.0009402257690803936,0.1102029067446412,3.5236985941553565,13.476301405844644,13:28
2020-04-06,Monday,294625891387.792,18.233565669729305,1.0,0.3849547918146275,1.4547978495687128,1484.8633091492236,0.05748033008660084,1.0560939959340874,0.5599418532372464,0.9816912804169784,0.9789449724795252,0.0007533717272111046,0.11496066017320168,3.8658993359193867,13.134100664080613,13:08
2020-04-07,Tuesday,294640569291.7606,18.13532495786059,1.0,0.3848597315989276,1.454704817914499,1485.0457192942777,0.0548070408664057,1.1180947754199455,0.5581338424953113,0.9760584233938924,0.9724671869029764,0.0009044212476819213,0.1096140817328114,4.0928571381260594,12.90714286187394,12:54
2020-04-08,Wednesday,294410755128.8876,17.882729283489525,1.0,0.3849382106300432,1.4547767558233782,1482.9375762060824,0.057706286040609074,1.0524502602102452,0.5538216141612479,0.9789222789872648,0.9757606208353546,0.0008764010969590277,0.11541257208121815,3.8525612092286767,13.147438790771323,13:08
2020-04-09,Thursday,294593260849.6219,17.97117819776141,1.0,0.3847792895175159,1.454465960537636,1483.0623739475054,0.05365906060345154,0.9940420781010182,0.5533722962133961,0.9690530440414952,0.9644110006477196,0.0011193531984294775,0.10731812120690308,3.6387543385356897,13.36124566146431,13:21
2020-04-10,Friday,294732358692.43634,18.357755689621808,1.0,0.38478523615530585,1.4544283185840707,1485.7394477876105,0.05176885464389867,0.9016209194392538,0.5543629821909063,0.9842411307219824,0.9818773003302801,0.0005187649996302752,0.10353770928779732,3.3004408008477863,13.699559199152214,13:41
2020-04-13,Monday,294921113184.3904,18.907117323074612,1.0,0.3847004501090743,1.4542594385285577,1489.8513965605607,0.05336479332530427,0.8395376074386897,0.5632166831350244,0.9371446181453472,0.9277163108671492,0.002297975519212033,0.10672958665060854,3.0731808831144445,13.926819116885556,13:55
2020-04-14,Tuesday,294861095994.7055,20.18257926898965,1.0,0.384915150151198,1.4544702879534095,1497.247007225797,0.057642650407091,1.1742380954824818,0.5815724683676881,0.968313242390692,0.9635602287492958,0.0013390507833307193,0.115285300814182,4.2983733370455495,12.70162666295445,12:42
2020-04-15,Wednesday,294400083928.8534,20.275700449341027,1.0,0.3851482869276685,1.454878679852806,1496.7747671343145,0.0595603632406831,1.0817227499407716,0.5815765207315673,0.97072691585529,0.9663359532335836,0.0013101139352168225,0.1191207264813662,3.959715022284737,13.040284977715263,13:02
2020-04-16,Thursday,294634741005.4247,20.398203069241934,1.0,0.3850926481079834,1.4546568097646737,1498.667970832793,0.058241010851324736,1.1244984675746883,0.575158386685699,0.9743629456616608,0.97051738751091,0.0010959637691647086,0.11648202170264947,4.11629826111678,12.88370173888322,12:53
2020-04-17,Friday,294958191632.59924,20.3096353013695,1.0,0.3849245219244897,1.4544018579692166,1499.282986887469,0.05707145460272745,0.9643953817764878,0.5736427719136941,0.9730240391114467,0.9689776449781636,0.0010968887700288387,0.11414290920545488,3.5302307184086428,13.469769281591358,13:28
2020-04-20,Monday,294590751551.6431,19.266056059844786,1.0,0.3848871371827995,1.4544632945262017,1489.8825040562467,0.062143193789530614,1.2491478378457086,0.5451844186773733,0.9485527844951472,0.9408357021694194,0.002589380500596324,0.12428638757906126,4.572585220051051,12.427414779948949,12:25
2020-04-21,Tuesday,294435193962.567,18.54000677989568,1.0,0.38509956237635146,1.4550638508613676,1485.9047083377552,0.06152008291513793,1.098861147230458,0.542952875866139,0.9806177380386324,0.9777103987444272,0.000917146476774792,0.12304016583027585,4.022451217127243,12.977548782872757,12:58
2020-04-22,Wednesday,294519539936.2993,18.607005629593026,1.0,0.3851135639580889,1.4548888936052804,1485.7653217876068,0.062208975194243225,1.0806459572451357,0.5425984626936949,0.9767081085960776,0.9732143248854892,0.0011301567050321618,0.12441795038848645,3.955773354040236,13.044226645959764,13:02
2020-04-23,Thursday,294618097648.62305,18.757295519398294,1.0,0.3850523534398274,1.4548020195144094,1487.4448746312687,0.06004917357458245,0.9855336217197848,0.5378520697713127,0.974027567939203,0.9701317031300836,0.001169766171152321,0.1200983471491649,3.6076085920391225,13.392391407960877,13:23
2020-04-24,Friday,294397688668.30475,19.068046323982887,1.0,0.3851540682557486,1.4552157096948497,1489.0530458152036,0.059728881809562435,0.9617050805787816,0.5351460537220124,0.9810869860088732,0.9782500339102042,0.0008352316134839887,0.11945776361912487,3.52038269952616,13.47961730047384,13:28
2020-04-27,Monday,294681542482.24994,19.202386974389718,1.0,0.3849226932797967,1.4545273376891432,1489.894293319668,0.06312098680801488,1.1128275667082017,0.5391131254620757,0.9771657488255528,0.9737406111493856,0.001142473450791108,0.12624197361602973,4.073576185162333,12.926423814837667,12:55
2020-04-28,Tuesday,294799642493.0711,19.16056348630305,1.0,0.3847926488146333,1.4544522157804018,1490.5944715887238,0.06446187155456645,1.0823705464455071,0.5321567224829239,0.9811819423531692,0.9783592337061446,0.0009760505459086463,0.1289237431091329,3.9620863226492022,13.037913677350797,13:02
2020-04-29,Wednesday,294658697167.0049,19.24644138994062,1.0,0.3849629624419788,1.4548179902016634,1490.388138031218,0.06410662763205585,1.054713968139677,0.5207088574126141,0.9704644031585372,0.9660340636323179,0.0015290422382527374,0.1282132552641117,3.860847656282441,13.139152343717559,13:08
2020-04-30,Thursday,294786482478.49866,19.4453697109228,1.0,0.3849137817073587,1.4544766474591035,1492.069140086684,0.06398131746481925,1.056661202197841,0.5093323913798768,0.9765530510882678,0.973036008751508,0.0012017141271180893,0.1279626349296385,3.8679756305738553,13.132024369426144,13:07
2020-05-01,Friday,294450846530.8365,18.250093722642735,1.0,0.3840960702988782,1.4532931249292105,1481.9512827047229,0.06949357764141953,0.8976939433108292,0.5334477256444127,0.9773930953279212,0.9740020596271094,0.0013500177849042336,0.13898715528283906,3.286065854616205,13.713934145383796,13:42
2020-05-04,Monday,294555527195.9155,18.544683456971878,1.0,0.3839289257140388,1.4528929378490925,1484.5395247367148,0.07103254807319008,1.0895932066717475,0.5455381785010001,0.9767442188971986,0.9732558517317784,0.001472002242879532,0.14206509614638016,3.988525330426628,13.011474669573373,13:00
2020-05-05,Tuesday,294538606025.3581,18.57625544904678,1.0,0.3839594799811527,1.4529270408235813,1484.9128073144027,0.07209115665761863,1.1102776633979023,0.5452324914299929,0.9736769557206528,0.9697284990787508,0.0017238381845702713,0.14418231331523726,4.064242101688801,12.935757898311198,12:56
2020-05-06,Wednesday,294508413645.6801,18.330586767158767,1.0,0.3840676730838352,1.453134962805526,1482.8007084661704,0.07279436265343872,1.0692808279598214,0.5393414302424667,0.9826845662552396,0.9800872511935254,0.0011425729886299849,0.14558872530687744,3.9141705744336024,13.085829425566398,13:05
2020-05-07,Thursday,294364129245.87585,18.532318004116654,1.0,0.3841757426948949,1.4531943133344216,1483.9007459667405,0.07406324555154811,0.9856819262228098,0.5330387696538498,0.9774401564479741,0.9740561799151702,0.0015402799971676625,0.14812649110309625,3.6081514701181248,13.391848529881875,13:23
2020-05-08,Friday,294435052294.44885,18.842736688142388,1.0,0.38395068826620943,1.4528821520068318,1485.6065186450323,0.07372464839980042,0.9083455692245372,0.5313328972428699,0.9817609281623472,0.9790250673866993,0.001221398200554409,0.14744929679960087,3.3250568096872497,13.67494319031275,13:40
2020-05-11,Monday,294225929018.97485,18.590395559663,1.0,0.3840618025143803,1.4532122707039778,1483.17542740495,0.07049846949553297,1.13810769522982,0.534705966616848,0.9765134766347434,0.972990498129955,0.0014690816892907526,0.14099693899106594,4.166115705735254,12.833884294264745,12:50
2020-05-12,Tuesday,294511058030.1403,18.48128999447831,1.0,0.3840150410416208,1.4530212988999935,1482.4325723716363,0.0751985475147218,1.0812462018287667,0.5304551439833223,0.9790512371165168,0.9759089226839944,0.001481772098704595,0.1503970950294436,3.9579705875688633,13.042029412431138,13:02
2020-05-13,Wednesday,294484621157.5129,18.69128792254892,1.0,0.3838523957735522,1.4527726432532349,1484.7585098819848,0.07824036154379628,1.0300578243629717,0.5274065325736295,0.9796349927676964,0.9765802416828508,0.0015530947485238775,0.15648072308759256,3.7705922716105564,13.229407728389443,13:13
2020-05-14,Thursday,294492075702.5384,18.757557898094927,1.0,0.3839442459618547,1.4528190543903303,1485.012804834696,0.07567372324659538,1.0261432401207513,0.5254817360109392,0.9775653068915072,0.9742001029252332,0.0016034759037390097,0.15134744649319076,3.756262686667679,13.243737313332321,13:14
2020-05-15,Friday,294547133983.19604,18.64644089446995,1.0,0.3839195332486005,1.452751795112181,1484.4312601652,0.07591518565904043,0.8853806599432985,0.5119062290811947,0.973183433293502,0.9691609482875274,0.0019174736204539602,0.15183037131808086,3.2409922966026294,13.759007703397371,13:45
2020-05-18,Monday,294503449453.6559,17.8679075729267,1.0,0.384133173425859,1.4532030814990238,1479.431938482791,0.07117844669719492,1.0749918449673743,0.5188063548674287,0.974971844303866,0.971217620949446,0.0015920846034219527,0.14235689339438984,3.935076115930783,13.064923884069216,13:03
2020-05-19,Tuesday,294607750119.56903,18.085608368764415,1.0,0.3841522732740564,1.4532441669962148,1480.9255974238745,0.07868807731989362,1.120065251575157,0.5223438282235489,0.9770209507887562,0.9735740934070696,0.001787802888009071,0.15737615463978727,4.100070191594032,12.899929808405968,12:53
2020-05-20,Wednesday,294418406274.4054,17.887742332083736,1.0,0.3841751341518755,1.453362959827884,1479.9028462596552,0.08246044411229676,1.0106700272987468,0.5139649523126532,0.9783782131912564,0.9751349451699448,0.0018314803110386505,0.16492088822459353,3.6996220056265763,13.300377994373424,13:18
2020-05-21,Thursday,294509286905.2941,17.805496322977678,1.0,0.38404286152076095,1.4530522722784849,1479.7458955118618,0.08241583739129825,1.0122075290613155,0.5015224188188844,0.9821125174364488,0.979429395051916,0.0015079351574290856,0.1648316747825965,3.7052501287536583,13.294749871246342,13:17
2020-05-22,Friday,294399295638.3673,17.49360147788041,1.0,0.3842634075149785,1.4535741666842508,1477.8004614096908,0.07842680452859142,0.7861275343994987,0.4837527911073524,0.9537218306309558,0.9467801052255992,0.003575488901606644,0.15685360905718285,2.877669909007457,14.122330090992543,14:07
2020-05-26,Tuesday,294274067844.9439,17.77864510858815,1.0,0.3842890496810791,1.4535618752639732,1478.5420596930874,0.07994702854337525,1.0657799668714072,0.4935597054869438,0.9796117516895986,0.9765535144430384,0.0016274182270788337,0.1598940570867505,3.901355449445721,13.09864455055428,13:05
2020-05-27,Wednesday,294310029206.3822,18.22196241543675,1.0,0.3840794495959468,1.4531760512581149,1481.2455340094198,0.0861672315557547,1.026709745890081,0.4987445460681914,0.981582822720088,0.9788202461281014,0.0016997905127064776,0.1723344631115094,3.7583364171176936,13.241663582882307,13:14
2020-05-28,Thursday,294568833287.1297,17.945359518457348,1.0,0.3840149739938378,1.4531220245022325,1479.506047974722,0.0801948883127056,1.116974680815265,0.4954299232567878,0.9744360415638552,0.9706014477984336,0.0020709010465479773,0.1603897766254112,4.088756960485553,12.911243039514446,12:54
2020-05-29,Friday,294380773143.7386,17.621520133909407,1.0,0.3840853744306949,1.4532006530796082,1477.7899096385545,0.0854299406812615,0.8265146453198997,0.4814374756695332,0.9618428596173024,0.956119288559898,0.003479710346612811,0.17085988136252306,3.0255095008316544,13.974490499168345,13:58
2020-06-01,Monday,294380902522.8059,17.507258409832765,1.0,0.384170828824182,1.4533821226146748,1476.98987224419,0.08210626530802594,1.1029049709024752,0.4909513140556507,0.9756290997102128,0.9719734646667448,0.002065144364451766,0.16421253061605187,4.037253891234294,12.962746108765707,12:57
2020-06-02,Tuesday,294546596808.9181,18.027964046151734,1.0,0.3839568007574377,1.4528856688460858,1480.8313482947515,0.09268075930795433,1.0799262745408784,0.4955805056893003,0.9795597591730748,0.9764937230490358,0.002194858467355737,0.18536151861590866,3.953138909663909,13.04686109033609,13:02
2020-06-03,Wednesday,294363070115.63104,17.854755372981813,1.0,0.3839939880474075,1.4529290251623317,1479.1132340188526,0.08803449621506182,1.0476182427559642,0.49160517210081706,0.9743712209882248,0.9705269041364586,0.002490854847096674,0.17606899243012367,3.8348733015807084,13.165126698419291,13:09
2020-06-04,Thursday,294320969769.94073,17.838459375248238,1.0,0.3840981465590651,1.4532353831958698,1478.6380047472476,0.08917827325565532,1.06070931383799,0.4868394896291145,0.978312028187744,0.9750588324159056,0.0021561634924537323,0.17835654651131067,3.882794001061359,13.11720599893864,13:07
2020-06-05,Friday,294500202733.1381,17.86547209604626,1.0,0.3839355748243489,1.4528563974559658,1479.117527605026,0.08641934846182918,0.9012390662681072,0.4767462948113164,0.9659512512064581,0.9608439388874266,0.003182476025765764,0.17283869692365836,3.2990430029941504,13.70095699700585,13:42
2020-06-08,Monday,294217904637.3972,17.705087588631727,1.0,0.3840471094297857,1.4532176092128788,1478.168060424322,0.08555215668145325,1.1219084538676392,0.48662447159761496,0.9762016559377484,0.9726319043284106,0.00219074406817312,0.1711043133629065,4.106817350981269,12.89318264901873,12:53
2020-06-09,Tuesday,294377776738.3482,17.788755401162536,1.0,0.3840860886794535,1.4530959097320169,1479.3269111424545,0.09017544291972593,1.0471096981097832,0.4863565410494418,0.9783005065925446,0.9750455825814264,0.002203829904856208,0.18035088583945186,3.833011741513588,13.166988258486413,13:10
2020-06-10,Wednesday,294621690313.90063,17.82448103701924,1.0,0.38381689952830456,1.4527204860253595,1479.4417129430358,0.09246367677663037,1.1014379650677169,0.4960269034614783,0.9757159464163008,0.9720733383787459,0.002609221595046643,0.1849273535532607,4.031883822940927,12.968116177059073,12:58
2020-06-11,Thursday,294478817567.9667,17.9157054604415,1.0,0.3837953442512651,1.4525697275792504,1479.1694552995782,0.09618310670252364,0.8706258053307637,0.4888976567165932,0.9513766888640296,0.944083192193634,0.005702339532056054,0.1923662134050473,3.1869812115403247,13.813018788459676,13:48
2020-06-12,Friday,294321055434.2208,18.386070166752106,1.0,0.38404019893248426,1.4529683858582854,1482.0152155896042,0.09340322006262816,1.0321033748734738,0.4737953353434482,0.9691370638333248,0.9645076234083232,0.003391198474643693,0.1868064401252563,3.7780801395376398,13.22191986046236,13:13
2020-06-15,Monday,294558663301.7003,18.762571259221424,1.0,0.38382968971941495,1.4525296889324777,1484.0677639667686,0.09174282953298343,1.05992405775181,0.5056857647575713,0.9720579763477756,0.9678666727999418,0.002958756238949588,0.18348565906596687,3.879919521144063,13.120080478855936,13:07
2020-06-16,Tuesday,294597857711.26984,19.144241571411747,1.0,0.3839563847038912,1.4527828288230469,1486.6232181695013,0.10543954572374864,1.177690320876866,0.5058435908118022,0.9737995626477364,0.9698694970448968,0.0036844790680739814,0.21087909144749725,4.311010427977773,12.688989572022226,12:41
2020-06-17,Wednesday,294568924295.2174,18.35053414182854,1.0,0.3837609083210608,1.452559088590376,1482.1305262710425,0.0996488327135464,1.0116898204364289,0.5038752281582874,0.9708922488663212,0.9665260861962692,0.0036286033200659314,0.1992976654270928,3.703355023358822,13.296644976641177,13:17
2020-06-18,Thursday,294849758050.7313,18.911361283705045,1.0,0.3834224233147927,1.4517337664187822,1485.6177451064193,0.1019839954770632,0.9168797144964378,0.4984467005186426,0.961131066968284,0.9553007270135264,0.005090998991144075,0.2039679909541264,3.3562965920042576,13.643703407995742,13:38
2020-06-19,Friday,294254540356.37964,19.311305421704198,1.0,0.3838361234509838,1.4525485436893204,1487.1714377498572,0.09936889264091628,0.9103817591462108,0.4800034440150423,0.9710493224519056,0.9667067208196912,0.0035614030364706484,0.19873778528183256,3.332510412582739,13.667489587417261,13:40
2020-06-22,Monday,294730894719.54785,18.28954024225887,1.0,0.3836971456309721,1.4522977713212628,1482.2177373064521,0.08787614894441373,1.1454835167898592,0.4929567827295474,0.9795151913726122,0.976442470078504,0.0019856274849818093,0.17575229788882746,4.193115370330066,12.806884629669934,12:48
2020-06-23,Tuesday,294490039471.6561,18.573315808743843,1.0,0.383731363971038,1.4524531706173591,1483.5776156616496,0.09879984469201078,1.0648609608125954,0.496076181322635,0.9766914672741164,0.9731951873652338,0.0028497854662878352,0.1975996893840216,3.897991369234921,13.102008630765079,13:06
2020-06-24,Wednesday,294537896430.7546,18.601004279584274,1.0,0.3836371499298803,1.4521444647180353,1483.1531192536795,0.09783228592090816,1.068117806669597,0.4950592670078647,0.9738159114016552,0.9698882981119032,0.003148914305304033,0.19566457184181635,3.9099132609266154,13.090086739073385,13:05
2020-06-25,Thursday,294477411621.7157,18.634047379318144,1.0,0.3835754123348604,1.45210931846239,1482.8387112794974,0.10056105193234376,0.9884611334748872,0.4900221960291136,0.9733778215150748,0.969384494742336,0.0033655611640594765,0.2011221038646875,3.618324935275159,13.381675064724842,13:22
2020-06-26,Friday,294340210557.98584,18.566771151957035,1.0,0.3835398016549003,1.4520310658658828,1482.8355127713648,0.09937552257553424,0.871852378114823,0.4932999897739641,0.96209821981848,0.9564129527912518,0.004692499115875015,0.1987510451510685,3.1914711593381604,13.80852884066184,13:48
2020-06-29,Monday,294299630507.3864,19.02353167008775,1.0,0.38361818476983495,1.4521768867420437,1485.625722244783,0.0936757233223226,1.160683621552452,0.4927736281295936,0.974889689303476,0.9711231426989974,0.002781423460085042,0.1873514466446452,4.2487563219251365,12.751243678074864,12:45
2020-06-30,Tuesday,294709709385.5279,18.854886501057344,1.0,0.3835773665325656,1.4521835740534996,1485.3039483804807,0.09733026737545812,1.0589520373369945,0.4889713774310633,0.972040229469328,0.9678462638897272,0.003332085963869725,0.1946605347509162,3.876361378506568,13.123638621493432,13:07
2020-07-01,Wednesday,294459245017.9291,19.25821172842716,1.0,0.38363987774415625,1.4522497408956077,1487.3308602265827,0.10250354814132688,0.9468756289718648,0.5002117755292471,0.9613305413479156,0.9555301225501032,0.005127177335972579,0.20500709628265373,3.4660985474147545,13.533901452585246,13:32
2020-07-02,Thursday,294786986258.2104,19.861850716215105,1.0,0.3835637870217358,1.4519607984020464,1491.1851010935636,0.1053761053377934,0.9933835518700136,0.4934868263466873,0.9782731660057856,0.9750141409066532,0.003001999591604509,0.2107522106755868,3.636343761324828,13.363656238675173,13:21
2020-07-03,Friday,294389052576.3025,19.15818969051945,1.0,0.38351756843464735,1.4519626514875918,1486.0502378863425,0.0878923049470855,0.5780939146273096,0.4815539022782794,0.9556972671847376,0.9490518572624481,0.004220691357079707,0.175784609894171,2.116149593938451,14.88385040606155,14:53
2020-07-06,Monday,294575788689.61945,18.742268686016885,1.0,0.3832013630838945,1.4514232012416524,1484.504115109143,0.0901387285564185,1.1263737437531935,0.4965790539877274,0.974641093204511,0.9708372571851877,0.002596265537084668,0.18027745711283705,4.123162829006627,12.876837170993372,12:52
2020-07-07,Tuesday,294532600669.7189,18.55907849524269,1.0,0.3834660161112859,1.451786487580131,1482.9439313375408,0.09498206199989498,1.0981010203321062,0.4911952351914346,0.9752333774493218,0.97151838406672,0.002808799053420389,0.18996412399978999,4.019668724202497,12.980331275797504,12:58
2020-07-08,Wednesday,294797178781.09656,18.60587300555191,1.0,0.3833928556229532,1.4518158259079132,1483.205935602968,0.0966460307855027,1.0114354101440104,0.4913437136687071,0.9712461170228482,0.9669330345762754,0.003370426650214496,0.1932920615710054,3.7024237382797494,13.29757626172025,13:17
2020-07-09,Thursday,294569538590.2282,18.498044035828272,1.0,0.3833897930415059,1.4517900862221906,1482.620097221729,0.09614568511427993,1.0616273317183098,0.4845005056311809,0.9771763402666294,0.9737527913066236,0.0026407091374936183,0.19229137022855985,3.886154463981851,13.113845536018149,13:06
2020-07-10,Friday,294385165340.168,18.471329030531987,1.0,0.3833722627233786,1.4517119813870347,1482.4328223752814,0.09165524709344428,0.8518930393664842,0.4786543882629247,0.9463425300040644,0.938293909504674,0.005736149787826871,0.18331049418688847,3.1184087286173545,13.881591271382646,13:52
2020-07-13,Monday,294376896017.64264,18.48857041193433,1.0,0.3833622091797507,1.4518233783917958,1482.2178054211997,0.09075253767265412,1.0967336694662289,0.492773289931539,0.9739834568016358,0.9700809753218812,0.002696852229112161,0.18150507534530824,4.014663449269854,12.985336550730146,12:59
2020-07-14,Tuesday,294585339731.0953,18.703484823614488,1.0,0.3833203790188727,1.4516018989680757,1483.5632373425815,0.10084622228326112,1.0373127752323756,0.4904959821123362,0.9749231576781244,0.9711616313298432,0.0031941490496547264,0.20169244456652224,3.7971494813439097,13.20285051865609,13:12
2020-07-15,Wednesday,294401883640.3849,18.389960816494998,1.0,0.3835005223092013,1.4520126249044645,1480.8840900727496,0.09384213091950376,1.1257411771756636,0.4826187916258298,0.9700037514607636,0.9655043141798784,0.003344360163122443,0.18768426183900752,4.120847278760708,12.879152721239292,12:52
2020-07-16,Thursday,294376439585.1297,18.37857031080245,1.0,0.38352279452220817,1.4520563452028046,1480.6107553964468,0.09907397853842614,1.006099942135588,0.4846440003729176,0.9726388886609648,0.9685347219601098,0.0033642371293313733,0.1981479570768523,3.6828929178130205,13.317107082186979,13:19
2020-07-17,Friday,294381241135.42896,18.606691178468854,1.0,0.3833418106636886,1.4517139919883726,1481.902251054628,0.0934150141209087,0.8389799070873108,0.478368944254605,0.9495241865984092,0.9419528145881708,0.005580734531420614,0.1868300282418174,3.071139385457666,13.928860614542334,13:55
2020-07-20,Monday,294699595515.0918,19.048753775935825,1.0,0.3832759153771246,1.451556106810373,1485.4621843947366,0.09452583144102077,1.0787169662470926,0.4983695003921734,0.9738197748940304,0.9698927411281352,0.002941263127395012,0.1890516628820415,3.948712159632314,13.051287840367685,13:03
2020-07-21,Tuesday,294152209418.43884,18.63514982910916,1.0,0.3836874079937334,1.4525435629029169,1482.3269646745105,0.09554573807777364,1.1370957841699123,0.4883140763422632,0.973179389627907,0.969156298072093,0.003091849604418755,0.19109147615554725,4.162411540850719,12.83758845914928,12:50
2020-07-22,Wednesday,294594089045.63257,18.456297544483107,1.0,0.3834454979534805,1.4519553270696686,1482.0268250310226,0.09675186046961896,1.0382368823357988,0.4900367816602403,0.9720321650540026,0.9678369898121032,0.003288954596538896,0.193503720939238,3.8005322342534007,13.199467765746599,13:11
2020-07-23,Thursday,294603444227.7877,18.43726521154844,1.0,0.3834115005106937,1.4516298185941043,1481.956887755102,0.09513374312653593,1.045408203927522,0.4865042583187139,0.9731306871653072,0.9691002902401034,0.003053011904543819,0.19026748625307185,3.826783313689362,13.173216686310639,13:10
2020-07-24,Friday,294323886649.52185,18.539781346476193,1.0,0.3836114785880965,1.4522689039841568,1482.687038180618,0.0958804465962514,0.8166538254592226,0.4765472812321552,0.9428338305331072,0.9342589051130732,0.00669382740643063,0.1917608931925028,2.9894133416850477,14.010586658314953,14:00
2020-07-27,Monday,294294749488.47546,18.764336160918926,1.0,0.3835494653031385,1.4521164303230625,1483.7188115293036,0.09077210327120086,1.1224370861230533,0.4964476528238466,0.9727221909949958,0.9686305196442452,0.002837017297179166,0.18154420654240166,4.108752443021389,12.89124755697861,12:53
2020-07-28,Tuesday,294470237543.263,18.230575746985885,1.0,0.3836701663553264,1.452454584698564,1480.9755992272144,0.09365030231194273,1.1031058068844888,0.4817767069557221,0.97331641110892,0.9693138727752579,0.0029486623376026658,0.18730060462388545,4.037989064137922,12.962010935862079,12:57
2020-07-29,Wednesday,294435940742.78955,17.992986557531353,1.0,0.3835812583568054,1.4522110261592165,1479.8945010528696,0.0959853626133169,1.0644010851951955,0.4759809499591227,0.9749165926813156,0.9711540815835128,0.002899732402078449,0.1919707252266338,3.8963079652474386,13.103692034752562,13:06
2020-07-30,Thursday,294581730460.35754,18.21641711258109,1.0,0.3833868252867354,1.4518915930771519,1481.83463975393,0.09546366253648124,0.9975507007504196,0.4785332443666171,0.9696735127597876,0.9651245396737556,0.0034705065369991014,0.1909273250729625,3.651597875211907,13.348402124788093,13:20
2020-07-31,Friday,294675791351.1694,18.495488462274484,1.0,0.3833653150937002,1.4518439640790828,1482.7009193199165,0.09065465505129323,0.8700005949012048,0.4679963189149036,0.9516885106787488,0.9444417872805612,0.00503127437405905,0.1813093101025865,3.184692588942576,13.815307411057423,13:48
2020-08-03,Monday,294799233939.4358,18.065842845050852,1.0,0.3832254840403912,1.4516131315562224,1480.853020286244,0.089681808364351,1.1239856777196502,0.4931977146240736,0.9726907365619594,0.9685943470462532,0.0027728182616382005,0.179363616728702,4.114421161192256,12.885578838807744,12:53
2020-08-04,Tuesday,294613399358.2775,18.152983684047747,1.0,0.3834569945951201,1.4520897043832823,1480.8341190961605,0.09655402336979174,1.083710702105968,0.4916808773740399,0.9753923266947226,0.9717011756989308,0.0028807854465666906,0.19310804673958348,3.9669920478003253,13.033007952199675,13:01
2020-08-05,Wednesday,294420763501.592,18.338296921585506,1.0,0.3833420275700421,1.4518429765542469,1481.791505079795,0.10395763832905236,1.0346997899251544,0.4858942938108247,0.9738772215240704,0.9699588047526808,0.003539022303481777,0.2079152766581047,3.7875844822028824,13.212415517797117,13:12
2020-08-06,Thursday,294521166874.2725,18.28544252415604,1.0,0.3833514473122401,1.4518204623081392,1481.6840799897955,0.09792884743921644,1.0534847698660434,0.4832780713727092,0.9732102685531876,0.9691918088361658,0.003226966770545248,0.19585769487843288,3.856348097712798,13.143651902287202,13:08
2020-08-07,Friday,294660963053.0531,18.435345970194774,1.0,0.3832897278785799,1.4516569089978968,1483.2682316830558,0.09858473288576954,0.8037961589567237,0.4723739115347908,0.9372771310967866,0.9278687007613046,0.007802655363800987,0.19716946577153907,2.9423470345335527,14.057652965466447,14:03
2020-08-10,Monday,294315903426.61304,18.27440258593164,1.0,0.3833566253681665,1.4518933265207643,1482.3613074455704,0.09635234720376162,1.122934226085568,0.4790862952743797,0.9750863571070226,0.971349310673076,0.0029125168089077303,0.19270469440752325,4.110572255517573,12.889427744482427,12:53
2020-08-11,Tuesday,294552129092.6472,18.408541527922804,1.0,0.383272715987879,1.4516806722689075,1482.444121905519,0.1019588921936153,1.115033676364303,0.4750914279157408,0.9715437727326042,0.9672753386424948,0.003736839323059405,0.2039177843872306,4.081651790068072,12.918348209931928,12:55
2020-08-12,Wednesday,294485299328.788,18.59001802931779,1.0,0.3832708627345601,1.4516156553268635,1483.727894493619,0.10446138703858396,1.0428302002245549,0.4812737566035365,0.9709742675017068,0.9666204076269628,0.00398459925339141,0.20892277407716792,3.8173463669387235,13.182653633061276,13:10
2020-08-13,Thursday,294151957610.1771,18.53075972997522,1.0,0.3834762882661998,1.4520697864477845,1483.4634047542909,0.10345290984993467,1.0735691795485969,0.4717597387892015,0.9717839518121036,0.967551544583919,0.003803677790239333,0.20690581969986926,3.9298683585542036,13.070131641445796,13:04
2020-08-14,Friday,294559844677.07385,18.68804504688783,1.0,0.3832245778507947,1.4514966306221595,1484.6288911683835,0.10213146347693136,0.8509785791725111,0.464626434909768,0.9375266193667134,0.9281556122717204,0.008369955738755389,0.20426292695386272,3.115061288834328,13.884938711165672,13:53
2020-08-17,Monday,294425736355.3195,18.766535207399546,1.0,0.38318350849087934,1.4514434571601895,1486.4154016343716,0.10284499341926104,1.172993853492711,0.4827553401338282,0.9731258514946995,0.9690947292189044,0.0035970729549237726,0.20568998683852208,4.293818709994835,12.706181290005166,12:42
2020-08-18,Tuesday,294186055797.177,18.57520092688445,1.0,0.3834120178554319,1.451889190285995,1484.8996561225147,0.10713016860866204,1.1859851801668948,0.479814138076014,0.9751279616111796,0.9713971558528564,0.0036074478913774655,0.2142603372173241,4.3413742887177476,12.658625711282252,12:39
2020-08-19,Wednesday,294546435806.7953,18.726759715896172,1.0,0.38344427743497256,1.4518645710132951,1485.691836356641,0.11035700421091772,1.1080863122270528,0.4819817653611755,0.9753844363802658,0.9716921018373056,0.0037703855548721593,0.22071400842183544,4.056220521158309,12.943779478841691,12:56
2020-08-20,Thursday,294427183018.1324,18.52143158111476,1.0,0.3833937876072043,1.4520190715752523,1484.0760162861588,0.10706174454061708,1.1005370406410948,0.4733301497589805,0.9700342838884743,0.9655394264717456,0.004341625771612366,0.21412348908123416,4.028585931696396,12.971414068303604,12:58
2020-08-21,Friday,294348005765.2268,18.856248034562448,1.0,0.3831730590813845,1.4514283265113688,1486.8244076320282,0.10703555645290017,0.8911285341528256,0.4650410492152133,0.9421236914892496,0.9334422452126372,0.008501715352833387,0.2140711129058004,3.262032756235113,13.737967243764887,13:44
2020-08-24,Monday,294795680674.9108,19.28247347252361,1.0,0.3830128160151844,1.451182426389038,1488.7878072340882,0.10375564062918363,1.144133023688751,0.4898998832494008,0.9647677112111068,0.9594828678927728,0.004833281970479745,0.2075112812583673,4.18817180431905,12.811828195680949,12:48
2020-08-25,Tuesday,294383947119.0468,19.22879436163261,1.0,0.3832588174038821,1.4516377814434755,1487.5149281975475,0.10972619748708323,1.145553972266137,0.4855660893157792,0.9650572958823618,0.959815890264716,0.0053599516484963755,0.21945239497416646,4.1933732770883685,12.80662672291163,12:48
2020-08-26,Wednesday,294763246048.7185,19.286982826224826,1.0,0.3831942131492048,1.4514310680724272,1489.6468886087555,0.1123903283832487,1.0781188174578162,0.4809318290144236,0.9707115187385366,0.9663182465493172,0.004666440007877934,0.2247806567664974,3.9465225978924057,13.053477402107594,13:03
2020-08-27,Thursday,294810897325.8848,19.283174438137763,1.0,0.382889402587928,1.4507638913735732,1488.7225875702172,0.10904012819233316,1.0964984908608058,0.4806059549355312,0.9631540706190016,0.957627181211852,0.005575727658994989,0.21808025638466635,4.013802563005916,12.986197436994084,12:59
2020-08-28,Friday,294895355459.58936,19.361618493724926,1.0,0.3827804001712878,1.4506071451625628,1490.4175638165866,0.10843859971456116,0.7301751494902454,0.4620929329837189,0.8868228584113094,0.8698462871730057,0.017897702053672394,0.2168771994291223,2.672852640377432,14.327147359622568,14:19
2020-08-31,Monday,294582134640.9043,18.55112973066232,1.0,0.3833603254024837,1.4518442186056428,1484.909146471466,0.09653490492717816,1.215158286722798,0.4564296497398502,0.9635500522656564,0.958082560105505,0.004350930879930458,0.19306980985435634,4.448164303333275,12.551835696666725,12:33
2020-09-01,Tuesday,294606730436.4253,18.84781134449021,1.0,0.3837849606027076,1.4524651771923955,1486.968689722912,0.11415741176335772,1.2096984399632045,0.4795488541941542,0.9653762982047702,0.9601827429354858,0.005767066139291895,0.22831482352671545,4.428178186526063,12.571821813473937,12:34
2020-09-02,Wednesday,295209882214.4148,18.99849069183848,1.0,0.3835050908251852,1.4519377631860682,1488.789372635786,0.1166770265058946,1.1472706127799015,0.4882535060274549,0.9660142477437468,0.9609163849053092,0.005889310717366339,0.2333540530117892,4.19965714902375,12.80034285097625,12:48
2020-09-03,Thursday,294663446982.5445,18.515012824063106,1.0,0.383732407083356,1.4525420726306466,1484.2221576616475,0.11304997994128835,1.1187477598685294,0.4767503947205958,0.9650312327097396,0.9597859176162006,0.005684842745826911,0.2260999598825767,4.095247429289407,12.904752570710592,12:54
2020-09-04,Friday,294512439610.9004,18.50239353655812,1.0,0.3838466705642326,1.452767828646406,1484.5319834036668,0.10765397361604466,0.834183779243688,0.4641840336938573,0.9148792966483058,0.9021111911455516,0.01296722806221516,0.21530794723208926,3.053582854015361,13.94641714598464,13:56
2020-09-08,Tuesday,294590254967.9636,18.448483544039558,1.0,0.3837914445986792,1.4526072565154833,1484.6087236953085,0.11326791551831253,1.24281068430103,0.4900394983090761,0.9632381976528706,0.9577239273008012,0.006051404875787295,0.22653583103662506,4.5493876658803885,12.450612334119612,12:27
2020-09-09,Wednesday,294673255482.9205,18.118642082880275,1.0,0.3836106472687064,1.4523720212607842,1483.3607397394067,0.1150471404919531,1.1618933685019828,0.4839782482792753,0.9647270026065534,0.9594360529975364,0.005955741923012943,0.2300942809839062,4.253184677684024,12.746815322315976,12:44
2020-09-10,Thursday,294642668773.00616,17.899908971826637,1.0,0.3838203113531149,1.4527349505460032,1480.9629183145455,0.11306326857218048,1.1659409875111328,0.4758951860730694,0.9608551897192072,0.9549834681770883,0.0064106946457410255,0.22612653714436096,4.26800124486438,12.73199875513562,12:43
2020-09-11,Friday,294548116446.099,17.949234526554736,1.0,0.3838098752050326,1.4527846573950594,1481.1273822879846,0.1070367267244498,0.9831421361808074,0.4616678052833546,0.9345029523892964,0.9246783952476908,0.009767307840524585,0.2140734534488996,3.5988544069073187,13.401145593092682,13:24
2020-09-14,Monday,294697032747.86066,18.435686806705625,1.0,0.3835763343037191,1.4523890567161641,1484.8425307407565,0.11328592816885327,1.1238770471949755,0.4785068647563481,0.955082316513322,0.9483446639903202,0.007411448536775761,0.2265718563377065,4.114023512237885,12.885976487762115,12:53
2020-09-15,Tuesday,294532879771.0291,19.129484162730613,1.0,0.383930616125239,1.4529021949253498,1489.0593278977371,0.1266378266353078,1.233711859732535,0.4795724482525901,0.9613276648298376,0.9555268145543132,0.007969774234450071,0.2532756532706156,4.516080839033143,12.483919160966856,12:29
2020-09-16,Wednesday,294254992687.3373,18.32390826150202,1.0,0.3840848327932483,1.4533857555014988,1483.268152118572,0.11444245797446882,1.174390334573349,0.4759551906405552,0.9637901771888648,0.9583587037671945,0.006059951616101318,0.22888491594893765,4.298930617933946,12.701069382066054,12:42
2020-09-17,Thursday,294495726861.4553,18.34311213508271,1.0,0.3838345381672915,1.4528123032519578,1483.4563139762736,0.11712481728673554,1.1297952420942292,0.4721045719504115,0.9608330130693088,0.954957965029705,0.006869107267027786,0.2342496345734711,4.135687441603027,12.864312558396973,12:51
2020-09-18,Friday,294515759034.68463,18.55395903033227,1.0,0.3837163091896584,1.4525192767409365,1484.918878083037,0.11056227065174,0.9050045380432948,0.452894787912364,0.9236165449756708,0.9121590267220214,0.012224884084147368,0.22112454130348,3.3128267522543156,13.687173247745685,13:41
2020-09-21,Monday,294446559283.9865,20.29353419291805,1.0,0.3834815657861952,1.4518221837338532,1496.3993649419067,0.1132933055376014,1.0846334267924091,0.4641053870637681,0.9511164086100692,0.9437838699015796,0.008080584822556143,0.2265866110752028,3.970369740284406,13.029630259715594,13:01
2020-09-22,Tuesday,294543499043.1344,19.325913876721025,1.0,0.38380007052218906,1.4526159321379823,1490.17147737099,0.10900975721444613,1.3132462012542598,0.4701886529299413,0.8605646304427602,0.8396493250091742,0.02386752106648115,0.21801951442889225,4.8072213618041975,12.192778638195803,12:11
2020-09-23,Wednesday,294720267176.5281,18.70475200933424,1.0,0.3835799167506173,1.4522121817522555,1486.4518140388045,0.11991224713313382,1.1729707853046951,0.4807204136598128,0.9640769893383044,0.9586885377390504,0.0065978854476872704,0.23982449426626765,4.293734267423365,12.706265732576636,12:42
2020-09-24,Thursday,294773654006.237,18.57685619627044,1.0,0.3836447174098104,1.452445604009954,1484.5555799757528,0.11936652233135585,1.1543251505316774,0.473935840742229,0.9620056425870752,0.9563064889751364,0.006922528288235891,0.2387330446627117,4.225480733775491,12.774519266224509,12:46
2020-09-25,Friday,294801576818.0091,18.558570910433303,1.0,0.3837220346815245,1.4525235486317345,1484.3545229674469,0.1097758666816317,0.9558703848227664,0.4620076648625442,0.9336354078345448,0.9236807190097264,0.010398476137551623,0.2195517333632634,3.499024424092996,13.500975575907004,13:30
2020-09-28,Monday,294600208260.3338,18.53961958802284,1.0,0.3835988991517518,1.4523223394368496,1484.8550479933594,0.10926027335614696,1.2087817215309025,0.4755957920844953,0.962189546640366,0.9565179786364209,0.005787955589186931,0.218520546712294,4.424822480317803,12.575177519682196,12:34
2020-09-29,Tuesday,294885832962.4834,18.815273230151146,1.0,0.3831885253698156,1.4515339960919114,1488.3178887763688,0.1199305475438145,1.2394883261500451,0.4737053750060298,0.961270173978988,0.9554607000758364,0.007160947150872179,0.239861095087629,4.537225962264018,12.462774037735983,12:27
2020-09-30,Wednesday,294782963273.6052,19.104769261886034,1.0,0.3832313962537537,1.4515693818841149,1488.9187147986609,0.12125532332886566,1.1285418615826683,0.4828522719753701,0.9626448038030352,0.9570415243734904,0.0070078364482065655,0.24251064665773125,4.131099362411258,12.868900637588741,12:52
2020-10-01,Thursday,295007942170.3577,19.74238553140661,1.0,0.38294307800673866,1.4508648450050792,1494.9337228317636,0.13109482691423932,1.1137736290654634,0.4767642249534626,0.9647000617761602,0.9594050710425842,0.007717172335002288,0.26218965382847864,4.077039306676855,12.922960693323144,12:55
2020-10-02,Friday,294874561076.1319,18.6008083877666,1.0,0.3836282201603216,1.4522946816916649,1487.657716209771,0.11452510723231556,1.0583261950932987,0.4583143698352009,0.9518504327406918,0.9446279976517956,0.008112933064659742,0.22905021446463114,3.87407044311293,13.125929556887069,13:07
2020-10-05,Monday,295062007989.05896,18.013942400978934,1.0,0.3838435162941848,1.45274610226083,1483.888712826462,0.11554732268506344,1.2303791461437596,0.4825386508777921,0.9600590100647411,0.9540678615744524,0.006860573903714896,0.2310946453701269,4.503881228677192,12.49611877132281,12:29
2020-10-06,Tuesday,294810493356.2312,17.890117325752552,1.0,0.3841501410041861,1.4533693558968137,1482.0744623068078,0.12399278474636327,1.2144115536640323,0.4767980557972401,0.9592581338447241,0.9531468539214324,0.008058841378119077,0.2479855694927265,4.4454308394114035,12.554569160588596,12:33
2020-10-07,Wednesday,294966667780.1193,17.883346201077362,1.0,0.3840182246050999,1.4531094290015478,1483.3864116645111,0.11917920170940227,1.1755814142957741,0.4808724220462729,0.9635170991714757,0.9580446640471968,0.006623848922168916,0.2383584034188045,4.3032906411190766,12.696709358880923,12:41
2020-10-08,Thursday,294680709482.4053,17.784276739553516,1.0,0.3841893978934183,1.453488290042832,1482.358270355709,0.11978284524121692,1.1312892355947408,0.4742638347777722,0.9644869792946013,0.9591600261887914,0.006490075139440593,0.23956569048243384,4.141156299965759,12.85884370003424,12:51
2020-10-09,Friday,294876797087.4761,17.784936522456434,1.0,0.3840100194021056,1.4531195956772476,1482.3187571028243,0.1076602244661574,0.925880326586494,0.4624704178292165,0.9330047922787602,0.9229555111205744,0.010080623703336622,0.2153204489323148,3.3892439058189154,13.610756094181085,13:36
2020-10-13,Tuesday,294811278913.1241,17.770123000617424,1.0,0.3840688065070423,1.4533328630881004,1482.0186781406505,0.1182117494512042,1.2006705917257154,0.4808719879309076,0.9637394676321944,0.9583003877770238,0.0064842874413415215,0.2364234989024084,4.395131173059027,12.604868826940972,12:36
2020-10-14,Wednesday,294627756968.5101,18.066572554541725,1.0,0.3840431607934698,1.453102422439439,1484.8864924210227,0.12008696537093724,1.15473466907481,0.4812928136547889,0.9648113310806464,0.9595330307427432,0.006470243190444088,0.2401739307418745,4.226979802485319,12.77302019751468,12:46
2020-10-15,Thursday,294402586311.72955,17.926979820054786,1.0,0.3841526005597433,1.4534281698298452,1482.8667721451932,0.11859789701231994,1.1476010382593491,0.4711088156255725,0.9656040492325974,0.9604446566174868,0.006160997075375214,0.2371957940246399,4.200866692536435,12.799133307463565,12:47
2020-10-16,Friday,294777610455.7943,18.066233141770876,1.0,0.3839433145057125,1.4530098475784583,1484.1723361627717,0.10779215832234566,0.9387522370310872,0.4634008477063875,0.9279505234022534,0.9171431019125914,0.010937560211603631,0.21558431664469133,3.436362353827659,13.56363764617234,13:33
2020-10-19,Monday,294637722022.0168,17.99455645418881,1.0,0.3837490758292466,1.4525935630067628,1484.621980667776,0.1130489939749132,1.2577229657136848,0.4813928216515923,0.9601185701613836,0.9541363556855912,0.006565363320867477,0.2260979879498264,4.6039750217712205,12.39602497822878,12:23
2020-10-20,Tuesday,294486558862.73724,18.073348330989212,1.0,0.3838954055260885,1.4528768365424125,1484.7122384211048,0.12057243058587826,1.2686899142699395,0.4764664386331266,0.9656299498276728,0.9604744423018241,0.006402622771681514,0.2411448611717565,4.644120235458558,12.355879764541442,12:21
2020-10-21,Wednesday,294660326021.4889,17.923859246184573,1.0,0.3837745144307456,1.4527124984971818,1483.5855333413485,0.1187782135763811,1.1843968153284412,0.472417770316353,0.9625693381664088,0.95695473889137,0.006760182060502439,0.2375564271527622,4.335559978061863,12.664440021938137,12:39
2020-10-22,Thursday,294669595797.3879,17.795099229682258,1.0,0.3838717686840727,1.4529342316420528,1483.2342012428333,0.11738009840360135,1.194143332326713,0.4670080197057321,0.9606121458491352,0.9547039677265056,0.00696498161877375,0.23476019680720275,4.371237724300558,12.628762275699442,12:37
2020-10-23,Friday,294681278126.0054,17.99990156218245,1.0,0.3837686982910452,1.4526877069580446,1485.4838439775656,0.10986835843892652,0.9602878865744736,0.4619927759853908,0.9268845007999708,0.9159171759199664,0.011562943963266344,0.21973671687785307,3.5151949706107266,13.484805029389273,13:29
2020-10-26,Monday,294422364700.49445,18.06906818020629,1.0,0.3839938439489689,1.4531152736121329,1484.0298157998984,0.11409784740413408,1.233985967819491,0.4827324132602193,0.9564096766439376,0.9498711281405284,0.007329881575894075,0.2281956948082681,4.517084229143696,12.482915770856305,12:28
2020-10-27,Tuesday,294346173136.8096,18.318403315013086,1.0,0.3838875236663095,1.4529239330252894,1485.9789124771985,0.1200154351381392,1.2220139761051356,0.4775320567059965,0.9616353647831112,0.9558806695005778,0.007094721382981006,0.2400308702762784,4.473259990963813,12.526740009036187,12:31
2020-10-28,Wednesday,294530461334.1404,18.34059602525009,1.0,0.3838462543210024,1.452744616520221,1485.8599301602624,0.1156807831584,1.2043884552393442,0.4836049474744264,0.9593956580587024,0.9533050067675076,0.0069863104306078,0.2313615663168,4.408740649245532,12.591259350754468,12:35
2020-10-29,Thursday,294607473222.72064,17.980763398229527,1.0,0.3837582694027164,1.4525920052109147,1484.4754534770111,0.11114842657804573,1.1613692932483075,0.4713625977757713,0.9606105718707016,0.9547021576513068,0.006234078899676688,0.22229685315609146,4.251266266839009,12.748733733160991,12:44
2020-10-30,Friday,294759613409.3097,18.306776661747424,1.0,0.3836341326398611,1.452301216555392,1486.8380438414997,0.10786065137183756,0.8839000718630862,0.4586004323600526,0.9144675751602124,0.9016377114342442,0.013137179370784048,0.21572130274367515,3.2355725096347085,13.764427490365291,13:45
2020-11-02,Monday,294666150462.4889,18.049118139704326,1.0,0.3838223324014885,1.4527448533998752,1485.2711676969318,0.12211921845966416,1.26358225273661,0.4888774345041925,0.9627185153519744,0.9571262926547706,0.0071442397127662515,0.24423843691932834,4.625423315103154,12.374576684896846,12:22
2020-11-03,Tuesday,294766084047.0568,18.134152116875907,1.0,0.3837840160425775,1.4526742841741669,1485.5201821392857,0.12079711131447532,1.2809125379120356,0.4878195301339864,0.9660028429752532,0.9609032694215408,0.006357686198492982,0.24159422262895064,4.688861927772961,12.311138072227038,12:18
2020-11-04,Wednesday,294590866707.777,18.057659942234626,1.0,0.3840169944076717,1.453096768250774,1484.9054282900283,0.11902952126958212,1.1548742640364036,0.4779527863916997,0.9550195529885916,0.9482724859368804,0.008209047885676933,0.23805904253916424,4.227490798733192,12.772509201266807,12:46
2020-11-05,Thursday,294643230605.3024,19.6911985907785,1.0,0.38411522422305194,1.4529287796991832,1497.3207944802102,0.13036910844517974,1.258973375732758,0.4974493416496706,0.9603779950727079,0.9544346943336142,0.008672569032374842,0.26073821689035953,4.608552227286045,12.391447772713956,12:23
2020-11-06,Friday,294979400057.67725,19.769432987685466,1.0,0.3839200985278581,1.4527655514841396,1498.1058303159082,0.1197850348788453,1.0376397617245088,0.4876392698431355,0.9381750612431982,0.928901320429678,0.011545909337390279,0.2395700697576906,3.798346436224497,13.201653563775503,13:12
2020-11-09,Monday,295172994102.3676,21.388579907378595,1.0,0.384110678579872,1.4527521382620088,1510.4214105904693,0.1242581301000846,1.2993664781242489,0.5281591455080893,0.9544536399139256,0.9476216859010144,0.00912851953784573,0.2485162602001692,4.75641375127177,12.24358624872823,12:14
2020-11-10,Tuesday,294755932636.8268,19.81394791000577,1.0,0.3838879886284056,1.4525626493585255,1497.2668490856188,0.12518464066998286,1.3790468343603544,0.4821830591912785,0.9540565129727108,0.9471649899186176,0.009375552361783118,0.2503692813399657,5.048088770204655,11.951911229795346,11:57
2020-11-12,Thursday,294719432138.8822,18.940057141887763,1.0,0.3837232362127919,1.4523234200743491,1490.6810480411782,0.11684330914257934,1.2660929677289396,0.4843205002757552,0.9588306568549464,0.9526552553831882,0.0072524100704075296,0.23368661828515874,4.63461394724281,12.36538605275719,12:21
2020-11-13,Friday,294614606187.9457,18.76624331025512,1.0,0.3837956482430757,1.4525769595369955,1488.7363596838227,0.10271843940167294,1.081211729401486,0.4666888989313187,0.9531988815876626,0.946178713825812,0.006344218160418086,0.20543687880334588,3.957844399053215,13.042155600946785,13:02
2020-11-16,Monday,294637633108.1481,20.12245620604675,1.0,0.384025255338413,1.4526715015706202,1499.4432477815894,0.11543847717056015,1.3505127569018187,0.5067307815155656,0.9497898259962628,0.942258299895702,0.00874434676333586,0.23087695434112035,4.9436379623005156,12.056362037699484,12:03
2020-11-17,Tuesday,294713473674.7581,20.217371625961718,1.0,0.38389744933720144,1.4524592538935168,1499.8080333212604,0.12317425828194348,1.2987069817693624,0.5111479292710739,0.9541735114677654,0.9472995381879302,0.009027542983541862,0.2463485165638869,4.7539996228606505,12.24600037713935,12:14
2020-11-18,Wednesday,294904856190.5155,19.783697981480177,1.0,0.3836966039750313,1.4521048979355808,1498.0731003874405,0.1223547525424016,1.274722500012301,0.4922141188559086,0.9646889155998636,0.9593922529398432,0.00678222432372525,0.2447095050848032,4.666202899790576,12.333797100209424,12:20
2020-11-19,Thursday,294575154215.81616,19.364815542186,1.0,0.3837406159582391,1.4525082723820872,1493.4977210574289,0.11623657131433213,1.157594003675999,0.4799531802620623,0.953262038159581,0.9462513438835182,0.008150472814087845,0.23247314262866425,4.237446578907178,12.762553421092822,12:45
2020-11-20,Friday,294664380397.8273,19.909301483741032,1.0,0.3836588543538844,1.4520600442522669,1497.9441423592532,0.10726896836965613,1.0844587372389392,0.4758884406343256,0.9542332282224952,0.9473682124558696,0.006759956669626962,0.21453793673931226,3.969730278047757,13.030269721952243,13:01
2020-11-23,Monday,294740269818.5641,19.562848259922628,1.0,0.3836626472031666,1.4521309139069034,1495.6630989483988,0.10300601162383567,1.170986356516435,0.4871037812626477,0.9596636360004572,0.9536131814005259,0.005491253947032931,0.2060120232476713,4.286470139453459,12.71352986054654,12:42
2020-11-24,Tuesday,295063290849.0087,20.6392027330988,1.0,0.3838263875121005,1.45242181053431,1505.2948745098327,0.10604475588330088,1.1757531019797571,0.4980257962817756,0.9635333813178946,0.9580633885155788,0.0052419247796261035,0.21208951176660176,4.3039191148212765,12.696080885178723,12:41
2020-11-25,Wednesday,294734383969.07605,20.10754506118424,1.0,0.3837522928496179,1.452285160207242,1498.9967075747488,0.10233410412880088,1.2395044058124178,0.4706510136070129,0.9653659837192284,0.9601708812771128,0.004642615717872001,0.20466820825760176,4.537284822892265,12.462715177107736,12:27
2020-11-27,Friday,294814615624.4159,19.413521920765927,1.0,0.3836555230989423,1.4523766751697624,1494.1935759709695,0.07043113951306441,0.7227797863223641,0.4719380956515257,0.9846328949479448,0.9823278291901368,0.0009227805123240727,0.14086227902612886,2.645781442482487,14.354218557517513,14:21
2020-11-30,Monday,295106818367.918,19.25345389640804,1.0,0.3834335716568584,1.451721683359817,1494.6042321270645,0.10644947635257104,1.3571466076775287,0.4879696950234731,0.9524753032455776,0.9453465987324144,0.0070195323580373465,0.21289895270514209,4.967921595582346,12.032078404417653,12:01
2020-12-01,Tuesday,295041024424.5458,19.300411204604774,1.0,0.38341116074983306,1.4517386457621633,1494.5296990183035,0.11294121590806892,1.2789237138111478,0.4856997361392501,0.9610506662769852,0.9552082662185328,0.006399465742127339,0.22588243181613785,4.68158171048124,12.31841828951876,12:19
2020-12-02,Wednesday,294818190656.9809,19.366995772495613,1.0,0.38353492892735797,1.4519234228076865,1494.8212119686036,0.10564464266289554,1.0810174926136933,0.4726485642396253,0.9513908260015992,0.9440994499018388,0.006983245901739411,0.21128928532579108,3.9571333829203423,13.042866617079657,13:02
2020-12-03,Thursday,294669233108.55444,19.35394142154236,1.0,0.3835387957995224,1.4521872259678277,1494.1343386570447,0.10762681726084933,1.4018648546192218,0.4737497189364848,0.9532129556726472,0.9461948990235444,0.00706791390813289,0.21525363452169866,5.131615586667359,11.868384413332642,11:52
2020-12-04,Friday,294705304397.1267,19.17144189896366,1.0,0.3836983718610051,1.4523889745152156,1492.4655220617224,0.10837183586298672,1.0948722444440002,0.4785224800945582,0.9643745459794296,0.959030727876344,0.005317869844367639,0.21674367172597345,4.007849584419754,12.992150415580246,12:59
2020-12-07,Monday,294723606424.7036,19.127847147248307,1.0,0.3835294628159973,1.4520533234055961,1491.7296887081534,0.11237740748197256,1.3184375366362493,0.4911321603468868,0.957314855512308,0.9509120838391544,0.006981554818637536,0.22475481496394512,4.826224575611902,12.173775424388097,12:10
2020-12-08,Tuesday,294665351406.4978,18.952725844913186,1.0,0.3834910354093352,1.4520754447381583,1490.2174966064154,0.11648958393999664,1.2593702313805553,0.4850808114459131,0.9587018688572428,0.9525071491858292,0.0072299107654055705,0.2329791678799933,4.610004942660985,12.389995057339014,12:23
2020-12-09,Wednesday,294919229313.7404,19.25467694824405,1.0,0.3834958429218092,1.4520018949453768,1493.2460342525733,0.11615773565675395,1.2191353520839157,0.4861249154440641,0.9623961648735532,0.9567555896045862,0.006508073824609837,0.2323154713135079,4.462722604391368,12.537277395608632,12:32
2020-12-10,Thursday,294418899085.62805,20.09833779050369,1.0,0.38348369511796176,1.4518772121571837,1498.8849931599555,0.12343976118582015,1.2045692371208772,0.5002578844530848,0.9657388903435244,0.9605997238950532,0.006668169626173571,0.2468795223716403,4.409402412837083,12.590597587162918,12:35
2020-12-11,Friday,294401815624.99835,19.150204387371442,1.0,0.3837302486070477,1.4524952359119108,1491.8600432708151,0.11041825691172724,1.0610146202932749,0.4744054698935741,0.967567526268768,0.9627026552090832,0.004998174789055358,0.22083651382345448,3.8839115947862375,13.116088405213763,13:06
2020-12-14,Monday,294569485394.8851,19.021142266405896,1.0,0.38364105089828177,1.4521932021466906,1491.3183613595706,0.1071615008832911,1.324279934973391,0.4894116390897326,0.9538900891196854,0.9469736024876384,0.006883978708794925,0.2143230017665822,4.8476110468338645,12.152388953166135,12:09
2020-12-15,Tuesday,294738418435.3664,18.96899401850748,1.0,0.3836113293444978,1.4522818013995622,1491.257423546416,0.11169628649579774,1.240391710972053,0.4839949612024573,0.9641274837813232,0.9587466063485218,0.005736332268709643,0.22339257299159548,4.540532859942563,12.459467140057438,12:27
2020-12-16,Wednesday,294552432375.5597,19.083944523254587,1.0,0.3835564754424009,1.452132151905982,1491.3589444452398,0.10453088426471573,1.2645072472835712,0.4870623562208266,0.9628450738843286,0.957271834966978,0.0052162844353930895,0.20906176852943145,4.6288093165562385,12.37119068344376,12:22
2020-12-17,Thursday,295049687829.0312,19.193908582453822,1.0,0.3834404341821685,1.4519165913233163,1493.0676870308982,0.10236162133413099,1.1528948619262975,0.4873130154005698,0.9700229091583894,0.9655263455321478,0.003982943295392871,0.20472324266826197,4.220245071238824,12.779754928761175,12:46
2020-12-18,Friday,294672543217.4045,19.09636631389165,1.0,0.3835026734477224,1.4520683356613302,1491.6957415565344,0.09836162689372707,1.067792157423515,0.4670273811808469,0.9711017143981509,0.9667669715578734,0.003522777818692965,0.1967232537874541,3.9087212011203687,13.091278798879632,13:05
2020-12-21,Monday,294618316871.0316,19.42526049390272,1.0,0.38343924633757415,1.4518744105344248,1495.1993995550656,0.10662489756735756,1.2357821363649513,0.4664140513990718,0.9761784889621292,0.9726052623064484,0.0034276061811448896,0.21324979513471512,4.523659218504328,12.476340781495672,12:28
2020-12-22,Tuesday,294626943571.8237,19.932483292426863,1.0,0.38354950443737307,1.4519320745410098,1500.2679007957522,0.1015575217024515,1.115609159953015,0.4847274554237002,0.9749079411566821,0.9711441323301844,0.003258003607692805,0.203115043404903,4.0837583843977425,12.916241615602257,12:54
2020-12-23,Wednesday,294453399277.39417,20.04119891510559,1.0,0.3836016326804445,1.452066594281578,1499.0223090843285,0.09323802912576347,1.0558717089324263,0.4858223045820303,0.9825453462487601,0.9799271481860738,0.001888104789424843,0.18647605825152694,3.8650856401921,13.134914359807901,13:08
2020-12-24,Thursday,294842987971.27203,20.22742791475975,1.0,0.3832086972278453,1.4513646974975092,1501.8748100041453,0.06436108935539518,0.6525271148857265,0.5081034774788848,0.9300535412369904,0.919561572422539,0.003692706226264625,0.12872217871079036,2.388617064217798,14.611382935782203,14:36
2020-12-28,Monday,294621596636.9178,18.90866650494986,1.0,0.3833996155054634,1.4519111060230965,1490.8195789985834,0.08056622185900521,1.1750830932972662,0.4786942189930921,0.9643542407508856,0.9590073768635186,0.002954913915373205,0.16113244371801042,4.301466505365419,12.698533494634582,12:41
2020-12-29,Tuesday,294746462194.22833,18.981769448079838,1.0,0.3832079512431894,1.4514693871702655,1491.7029989540194,0.0845630559717843,1.184612184469534,0.4772002854934444,0.972388497224879,0.9682467718086109,0.0025021075775224105,0.1691261119435686,4.336348350519934,12.663651649480066,12:39
2020-12-30,Wednesday,294791550140.4437,19.044560315063826,1.0,0.3832998404506832,1.4516293206026982,1492.2864034521815,0.08521715378300344,1.0564902796494955,0.4809130997778337,0.9804124538559378,0.9774743219343284,0.0017738814551905868,0.1704343075660069,3.867349957699389,13.132650042300611,13:07
2020-12-31,Thursday,294638346023.8867,19.129173972829822,1.0,0.383240374530496,1.4515892789189888,1493.0462746900062,0.0629984131988892,0.6587296522167909,0.4820163520858369,0.8232168881447273,0.7966994213664363,0.010107328175727829,0.1259968263977784,2.4113218471646696,14.58867815283533,14:35
