Date,Day of Week,origin_census_block_group,Weight,Race,Entropy_norm,Entropy_cat,device_count,Amplitude,Phase Angle,Baseline,R2,Adjusted R2,Residuals Sum,Range
2019-01-02,Wednesday,281489438061.2943,17.156832273958244,1.6663715730686282,0.4563722379444142,1.609657094960492,1514.9499863440728,0.10356405095712888,1.1364599711676202,0.4663735854805066,0.972020211393944,0.9678232431030356,0.003793942344968091,0.20712810191425776
2019-01-03,Thursday,281403622795.5983,17.228354900381376,1.6662048751984997,0.4563542878528355,1.6096071474010094,1515.350579831022,0.11802075592987415,1.0170358553789451,0.4641992328606678,0.9761736826710972,0.9725997350717618,0.0041454125793705145,0.2360415118597483
2019-01-04,Friday,281486097789.18896,17.319796292010473,1.6667122512496464,0.4564262310317779,1.6096387814769404,1515.9178204281811,0.1125227418668596,1.003252580776368,0.4589074129239877,0.9707939146175468,0.9664130018101792,0.004640065787137196,0.2250454837337192
2019-01-07,Monday,281379234366.6292,16.750252458833664,1.6652699420797732,0.4560239135953473,1.6090408166141332,1513.0258080881626,0.130268860655715,1.4032353282284322,0.4585577211611308,0.9764127962073416,0.972874715638443,0.005096287936387122,0.26053772131143
2019-01-08,Tuesday,281506298069.51697,16.54318715716437,1.6644993192807849,0.4558498565061688,1.6086287028777992,1512.5127599643204,0.1419328398409817,1.2558222276065931,0.4622674794386746,0.9616440129512652,0.955890614893955,0.009936342264164668,0.2838656796819634
2019-01-09,Wednesday,281379605523.79675,16.20947647617075,1.6643160370727867,0.4558065965480611,1.6086553149218903,1510.977752579445,0.14206335843180326,1.2695365587854577,0.4651520551895402,0.964269327999822,0.9589097271997952,0.009253703737135615,0.2841267168636065
2019-01-10,Thursday,281418395575.9452,16.127905940228718,1.6653132223383955,0.455838095959913,1.6086654820121622,1511.4794099857934,0.14470250532668733,1.2097003105018345,0.4639726540308397,0.9649282575978768,0.9596674962375584,0.009390404439771205,0.28940501065337465
2019-01-11,Friday,281334606042.132,15.850110796239164,1.6647259135045505,0.4556751798468553,1.6083394616166489,1510.6920619604568,0.12989701806535212,1.132785092581864,0.4500499462325644,0.9596458250881784,0.9535926988514052,0.008717341583359399,0.25979403613070423
2019-01-14,Monday,281257342342.859,16.2236251036893,1.6650930570531153,0.4559357418285939,1.608860344100136,1511.492625755942,0.1404339057195694,1.238003604108698,0.4727186329010778,0.9679667817972132,0.9631617990667952,0.00806425029106362,0.2808678114391388
2019-01-15,Tuesday,281300963267.544,16.459572553052894,1.6649014084507043,0.4560736685129483,1.609136150234742,1512.6477746478872,0.14323767868980905,1.2331380437962058,0.4637053624207325,0.9685473225763748,0.9638294209628312,0.008230560521887104,0.2864753573796181
2019-01-16,Wednesday,281264996878.8164,16.142417599452873,1.6642048275151504,0.4557449853116642,1.6085160589342749,1510.6389339003213,0.13839364367425838,1.272196441547079,0.4618197392476268,0.9616100710413892,0.9558515816975974,0.009462582960384516,0.2767872873485168
2019-01-17,Thursday,281392984674.66943,16.27279865945931,1.6644030144536304,0.4558508921080372,1.6085756331664889,1511.3225680970324,0.14604670245836707,1.2221942149959195,0.46292114954464203,0.9668530176536886,0.9618809703017421,0.009028413558436985,0.2920934049167341
2019-01-18,Friday,281424765634.4191,16.09594213853869,1.6643945995071725,0.4556899792869624,1.6083237297504942,1510.9270596171689,0.13234032638017867,1.092215665571876,0.4516035292727808,0.9537869079634108,0.9468549441579224,0.01039955198561895,0.2646806527603573
2019-01-22,Tuesday,281402142295.0361,16.27645478634217,1.664704558033076,0.4558462548339761,1.608608575743647,1511.843339305648,0.1415207618874334,1.2445855045397327,0.4728160042320006,0.9652569087982792,0.9600454451180208,0.008910078260644813,0.2830415237748668
2019-01-23,Wednesday,281496254836.5254,16.355738874895007,1.6643966362276217,0.4558165974561527,1.6085416930487353,1511.8782907233608,0.14158783230593408,1.2179555563251585,0.4683732976847155,0.9637326005493844,0.958292490631792,0.009312449021205505,0.28317566461186816
2019-01-24,Thursday,281454471461.56604,16.554940146403304,1.6645183095418037,0.4559825440876889,1.6089160732475556,1512.7865287211719,0.1440389884241151,1.1961236469358736,0.4653728879017679,0.9623673097395504,0.9567224062004832,0.010003384171918234,0.2880779768482302
2019-01-25,Friday,281400735869.1904,16.44982555890045,1.6649292523645098,0.4559592755600206,1.6088331331631889,1512.145769216334,0.13349807185591125,1.1140633882777962,0.455865557168438,0.9538733442425172,0.9469543458788948,0.010576073848795012,0.2669961437118225
2019-01-28,Monday,281414195527.7028,16.245187439749305,1.6644662506505137,0.455697183362584,1.6083181351474265,1511.5427229210522,0.1294924864463768,1.2208267116527975,0.4620321968674309,0.9637130432038366,0.9582699996844121,0.00779483084858563,0.2589849728927536
2019-01-29,Tuesday,281578157667.3714,16.41376985079913,1.663996623364442,0.4556323038592402,1.6082680673451204,1511.9265018993576,0.13411860914354165,1.1653640830528682,0.4643774274328508,0.961955967843515,0.9562493630200424,0.008756711927733347,0.2682372182870833
2019-01-30,Wednesday,281535744606.3192,16.909762991765877,1.6643344485377038,0.4560054567334601,1.6088686940831516,1513.506442184798,0.12367032305723535,1.166226413156962,0.4803789561862573,0.959491038626876,0.9534146944209074,0.007948660158513816,0.2473406461144707
2019-01-31,Thursday,281420060832.0889,16.626136238996324,1.6644756596479375,0.455866616403093,1.6086260931576777,1512.2238205157078,0.12322450625736485,1.134812834131348,0.4651012337699724,0.960374382869782,0.9544305403002492,0.0076982237279141314,0.2464490125147297
2019-02-01,Friday,281334732876.2932,16.48785434649866,1.6645684507755738,0.4561242424850719,1.6090517221161649,1512.1292372781982,0.13392029216685825,1.0003779057435451,0.44657410955164817,0.9449023570574278,0.936637710616042,0.012736406598665512,0.2678405843337165
2019-02-04,Monday,281272738930.6337,16.53136388861814,1.6643699632496165,0.4561386228031917,1.6091692911353193,1512.7205750519809,0.13669477770842633,1.183755718861868,0.4609291912716122,0.9574173908499302,0.9510299994774196,0.01024021336894072,0.2733895554168527
2019-02-05,Tuesday,281360884426.35834,16.437256385821414,1.6641414022957233,0.4560143773334837,1.608901439635236,1512.2195385098908,0.1407385309443822,1.1616783736379508,0.4549704061024346,0.95854475212816,0.9523264649473842,0.010542269712251496,0.2814770618887644
2019-02-06,Wednesday,281428806084.2009,16.36117378978148,1.6644128197313202,0.4558790693273028,1.6086652755960893,1511.8494783485337,0.14189556833466174,1.1619847557866458,0.4563210513283308,0.960647015411594,0.954744067723333,0.010150794509711384,0.2837911366693235
2019-02-07,Thursday,281514727650.6918,16.428394097948466,1.6640541770892483,0.4559418675280904,1.6087413588387405,1512.5766312025116,0.1404149027748197,1.1066181247390818,0.4529958726719064,0.9607102564960808,0.9548167949704932,0.009890661300903056,0.2808298055496394
2019-02-08,Friday,281374390168.2202,16.6716960569341,1.6647509848388808,0.4560459963021513,1.608919189215838,1512.9076340859895,0.13613464438899378,1.0079461273051076,0.4455991258896284,0.9387736676255284,0.9295897177693576,0.014728445900810844,0.2722692887779876
2019-02-11,Monday,281521008934.3817,16.08048954491707,1.6644336803050603,0.4557705854383373,1.6083498074634837,1511.1359326543811,0.1339321519317464,1.2702737334938805,0.4685493364175623,0.9580146573900574,0.9517168559985658,0.00972787281577994,0.2678643038634928
2019-02-12,Tuesday,281590781624.9697,15.740344097993194,1.6639695249505109,0.4555818518069357,1.608139159409031,1510.2038252926066,0.12384114925451033,1.2466674067887429,0.4797544668167,0.965240378236749,0.9600264349722614,0.0068269640118713395,0.24768229850902065
2019-02-13,Wednesday,281388126789.71216,16.241495938773934,1.6642001921319618,0.4557944820505042,1.6084772370486655,1511.3769019892684,0.1398250491523106,1.1558904650974562,0.4706793386655948,0.9643138519248642,0.9589609297135938,0.0089011993968053,0.2796500983046212
2019-02-14,Thursday,281390747121.9576,16.511527048865904,1.6649487923249504,0.4560303943020898,1.6089723732011605,1512.6180170285468,0.14038090309954945,1.1922489555728075,0.4628090817294391,0.9610599888220256,0.9552189871453296,0.009843161045416823,0.2807618061990989
2019-02-15,Friday,281421536069.1094,16.484189964495155,1.664886327369666,0.4559805923660331,1.6089135862729267,1512.6361255561606,0.12225616589694654,1.0448906819156598,0.4608626507790726,0.951141975303422,0.9438132715989352,0.00937973856034547,0.2445123317938931
2019-02-19,Tuesday,281501931612.8461,15.654666156142484,1.6641916470428508,0.4556115491230241,1.6082649425798567,1510.4684388181704,0.1312165361631811,1.2662129586333586,0.4681767696127947,0.9655203540337224,0.9603484071387808,0.007607175644790195,0.2624330723263622
2019-02-20,Wednesday,281403697277.3549,15.526664641517456,1.6640123514550391,0.4555133592926907,1.6080565172639656,1509.8924721624405,0.11684361751126958,1.1609717869062044,0.4782525288757938,0.9666530495244176,0.9616510069530804,0.005795874960981331,0.2336872350225392
2019-02-21,Thursday,281392609048.41034,16.077156226924025,1.6645154033267249,0.455731730938629,1.6083950825588316,1511.3688549561075,0.135883488068375,1.192792736807127,0.4623012117941588,0.9725208889624491,0.9683990223068166,0.0064316538857239185,0.27176697613675
2019-02-22,Friday,281345410511.0935,16.118874484416928,1.6646056776419411,0.4558839554525579,1.6087527188179704,1511.5379931373284,0.12764523507229594,1.0545470273188893,0.4505140848427751,0.9511133828718679,0.943780390302648,0.010237867576784585,0.2552904701445919
2019-02-25,Monday,281534322713.2769,16.286445654714132,1.663947377057635,0.4557091912020005,1.6083613467047366,1511.7698402651777,0.13801616488294707,1.2277406572266916,0.4673885526776676,0.9617695146368264,0.9560349418323504,0.009351092292276028,0.2760323297658941
2019-02-26,Tuesday,281367035780.4833,16.384788717412228,1.6637600262676486,0.4558728929347962,1.608687086636334,1512.267221727098,0.14539465722148778,1.237782696680597,0.4583839652920243,0.965178060315594,0.9599547693629332,0.00942361962796142,0.2907893144429756
2019-02-27,Wednesday,281522475076.0242,16.809578357984222,1.6637674890928238,0.4561038164802606,1.6090529562208515,1514.2537940048142,0.14686760891418796,1.1715412093854292,0.4581658424662737,0.9608762443216474,0.9550076809698944,0.010814519978611487,0.2937352178283759
2019-02-28,Thursday,281444375481.4194,16.910590597088028,1.6637869883638448,0.4559628146645834,1.608819425849458,1513.4020838911829,0.14232913693716098,1.1791871464632762,0.4510240630868152,0.9604046981599921,0.9544654028839908,0.010288281182879376,0.284658273874322
2019-03-01,Friday,281448908790.797,16.029756476255088,1.6631000009369523,0.4556788178334238,1.6083491834459238,1511.0034433003214,0.13161602319403828,1.0399832286303403,0.4396720299561613,0.9497752223704224,0.9422415057259856,0.011187363486018077,0.26323204638807657
2019-03-04,Monday,281410542718.3568,15.888458726067304,1.6633407000917724,0.4556195230562416,1.608225797389171,1510.7539705579386,0.1224739918963281,1.1809492765513934,0.4678753472285011,0.9620969201004136,0.9564114581154758,0.007280331654510174,0.2449479837926562
2019-03-05,Tuesday,281372333343.3185,16.192501489952797,1.6633619760675433,0.45586980207786,1.6086705960624832,1511.2192809018247,0.14118033751506762,1.177568808561791,0.4533724969543296,0.961445676118912,0.9556625275367489,0.009845186349083952,0.28236067503013523
2019-03-06,Wednesday,281406074236.59674,16.506535005760213,1.663427429193491,0.4559555330853084,1.6088139792413518,1512.5854182698624,0.1372835782983953,1.2606029765816842,0.4556533685525035,0.9618923979902416,0.956176257688778,0.009235456961547149,0.2745671565967906
2019-03-07,Thursday,281310635185.20514,16.163458280763006,1.6635100625541783,0.4557478641333159,1.6084623854930535,1511.3005927418412,0.13838428728139868,1.2466190391642418,0.44683636758257095,0.9660205731863528,0.9609236591643058,0.008326459212400475,0.2767685745627973
2019-03-08,Friday,281408945641.6416,16.137917651116805,1.6633775681921519,0.4557730948797146,1.6085379058833456,1511.625127149828,0.13478937938926286,0.9887982746639522,0.4348755845074237,0.94103571429607,0.9321910714404804,0.013852896940980904,0.2695787587785257
2019-03-11,Monday,281506010296.57104,16.283421482128805,1.663792496821681,0.4558584086578365,1.608693816469087,1512.2704503126715,0.12269424470556525,1.1895948627892892,0.4561224577500885,0.9591910975781665,0.9530697622148911,0.007894222963257421,0.24538848941113045
2019-03-12,Tuesday,281388910157.5604,16.457354244322094,1.6638616417139906,0.4559483990995927,1.6088656310132818,1512.533491340874,0.13578714928743865,1.0909812910217354,0.4413788181988563,0.9646210493784628,0.9593142067852324,0.008286818114787379,0.2715742985748773
2019-03-13,Wednesday,281394378899.6291,16.28202929503272,1.6632763643699244,0.4558600810465207,1.6086218139681083,1512.4016100808326,0.11534122928869947,1.1159333476080258,0.4393260426800431,0.9436733733433896,0.935224379344898,0.009745958408547462,0.2306824585773989
2019-03-14,Thursday,281419002931.4002,16.23602563261739,1.6630475055928935,0.4558025475229156,1.6085818672995118,1512.0680761852948,0.115047701796426,1.202950153639562,0.4358653563215893,0.9555454286869868,0.948877242990035,0.0075951993180639,0.230095403592852
2019-03-15,Friday,281389274632.8257,16.371485017640538,1.6635360126852472,0.4558279025030229,1.6085587888966555,1512.186511603905,0.12102317587635228,0.9674657673269892,0.4389069883642863,0.9287590934615768,0.9180729574808132,0.013650017675794029,0.24204635175270456
2019-03-18,Monday,281433877687.57043,16.800879525927776,1.6636965604101754,0.4560348403988132,1.6089986700315342,1513.682522898485,0.12535491358914733,1.2076958521823928,0.4544629715976147,0.9537948017037724,0.9468640219593384,0.009391688798056508,0.25070982717829465
2019-03-19,Tuesday,281279190071.2797,16.75783122883984,1.6639946622561366,0.4560988115032737,1.6091183325188894,1513.5008833590196,0.12693083020679824,1.1937271199126398,0.4509964687517394,0.9470657392973488,0.9391256001919508,0.011101921194930815,0.2538616604135965
2019-03-20,Wednesday,281409205334.5727,16.68142882914386,1.6633508517323492,0.4560543418478789,1.609071994514346,1513.1558620883993,0.12030914765395567,1.177528201339503,0.42767265249705605,0.948230739872228,0.9404653508530622,0.009733777697758194,0.2406182953079113
2019-03-21,Thursday,281455618959.3608,16.821550704406462,1.663343850360416,0.4561202684656617,1.6091474625125193,1514.1077720986875,0.1119743038489822,1.3933095409521905,0.42032945785665865,0.9610160578861195,0.9551684665690376,0.006321340309166149,0.2239486076979644
2019-03-22,Friday,281542760298.4661,16.85509742429477,1.6631729842784293,0.4560720237913917,1.6090522407350834,1513.7940920734145,0.12151794123507455,1.0314778403868865,0.434500280672055,0.929463615979971,0.9188831583769664,0.013677927139087873,0.2430358824701491
2019-03-25,Monday,281460893523.8973,16.801125622208186,1.6635741980965808,0.4561741944472101,1.6093103043120671,1513.8625355422394,0.12510993375307228,1.2202500757855212,0.4532117914453216,0.951359870067835,0.9440638505780102,0.00987951670012973,0.25021986750614456
2019-03-26,Tuesday,281230583136.4456,17.0780209598274,1.6639451492677786,0.4563870776635458,1.6096591122990629,1514.909540526296,0.1370304746740231,1.1352219508764674,0.44172115968403997,0.9579679987463078,0.951663198558254,0.010123597733053416,0.2740609493480462
2019-03-27,Wednesday,281446234012.6401,17.218627087668246,1.6635120381002582,0.4562775847906627,1.6093923535944883,1514.6799926585475,0.1352440099797545,1.170611815294749,0.4394176689303696,0.9561155889481944,0.9495329272904234,0.010337024532587521,0.2704880199595089
2019-03-28,Thursday,281482306493.2513,17.229924802335574,1.6634311980182166,0.4563070810310639,1.6094831727372914,1515.537064247836,0.13303234902938288,1.147064208016048,0.4368839196163162,0.9568715849183098,0.9504023226560564,0.009808430737439894,0.26606469805876576
2019-03-29,Friday,281487590825.3222,17.393321744458245,1.6630787364450732,0.4564006553379311,1.6096086751532297,1516.264243281471,0.1254503254420917,1.0096836512348966,0.4290511259187115,0.9320749627432208,0.9218862071547036,0.013977142700802516,0.2509006508841834
2019-04-01,Monday,281561280869.3993,17.047771893184322,1.6631499162005914,0.4563185984629023,1.6094288458279191,1515.1274833813532,0.12930481329090773,1.1984394983689106,0.4450808699275917,0.9535460210952358,0.9465779242595213,0.010044450267038334,0.2586096265818155
2019-04-02,Tuesday,281461942422.0488,17.003013607919655,1.6627622542101796,0.4562418571058549,1.6093141405588485,1514.5410480760183,0.12956281627873534,1.183264766048581,0.4406280374485581,0.9561816320521564,0.9496088768599796,0.009478490141581595,0.2591256325574707
2019-04-03,Wednesday,281355462522.7465,16.58376435102401,1.6624958964498429,0.455975125352334,1.6088027013084465,1512.0689537119542,0.13112323474549,1.2133155739684385,0.4321832109928169,0.9568141391111434,0.9503362599778148,0.009576866982254769,0.26224646949098
2019-04-04,Thursday,281473138612.6378,16.380794401836667,1.66204413440036,0.4559128739037696,1.6087396801732747,1511.721747936035,0.13080911917519233,1.1521923548961162,0.4407265816182601,0.9524215317023902,0.9452847614577488,0.01051385457745625,0.2616182383503847
2019-04-05,Friday,281482880801.8711,16.519887266763412,1.6619590148171426,0.4558979911997467,1.6087598909938603,1512.143893733085,0.1255335920127836,0.9830878941279458,0.4329903899928891,0.9209408830178936,0.9090820154705778,0.016455329925450946,0.2510671840255672
2019-04-08,Monday,281508596528.30994,16.349411546780487,1.6620407053340769,0.4558292707402093,1.6086202288913165,1511.6955211004788,0.13484479292675122,1.1718357942566264,0.4469679720805651,0.9485406631451012,0.9408217626168665,0.012146910745127328,0.26968958585350244
2019-04-09,Tuesday,281583280177.6787,16.288496441817593,1.6617232796966472,0.4557293610400326,1.6084162569311315,1511.5441131666894,0.13542931513472078,1.1866012759540363,0.4432756275749729,0.9507353249725492,0.9433456237184314,0.011712309724286078,0.2708586302694416
2019-04-10,Wednesday,281477379887.97943,16.343451976430785,1.6618742121270345,0.4558315392520793,1.6085261327797329,1511.4442127362447,0.13648483965478314,1.1865264577055514,0.4489778405865857,0.9463756979641502,0.9383320526587728,0.013007874479346551,0.27296967930956634
2019-04-11,Thursday,281497963624.8212,16.449296046574315,1.6617322169844508,0.4559183122116535,1.6087666221065222,1512.1698726517975,0.13566159772554806,1.1439604802459942,0.4519439855319022,0.9466647618823358,0.9386644761646862,0.012747589854335864,0.2713231954510961
2019-04-12,Friday,281510199519.5715,16.393785964905828,1.661966084526065,0.4558921429962634,1.608696467763417,1511.9069200322647,0.1286500094808641,1.0529287684866129,0.43870789438234015,0.925996240771477,0.9148956768871984,0.016168117352745648,0.2573000189617282
2019-04-15,Monday,281464191707.02,15.935712292579018,1.6615023232526474,0.4556817088636578,1.6082850979603105,1510.2529374055375,0.12648403717119525,1.1873972398860253,0.4628169620479763,0.945837895783653,0.9377135801512008,0.011290420405621495,0.2529680743423905
2019-04-16,Tuesday,281598656079.5181,16.550090489514734,1.6621116205296182,0.4559798866908973,1.6088213348850524,1512.4764403065271,0.13706674118237205,1.1462852747166907,0.4605778067461455,0.9545906834559637,0.9477792859743582,0.010988725993087057,0.27413348236474405
2019-04-17,Wednesday,281507405656.4937,16.490865225586155,1.6620841468909582,0.4560132836008553,1.608896252628417,1512.6531240612796,0.13652258977037146,1.2102363244250822,0.4579378633363501,0.9575521269168532,0.9511849459543812,0.010194932866438928,0.2730451795407429
2019-04-18,Thursday,281538459938.0754,16.326639442085796,1.661844518559172,0.4558837550947138,1.608716454876796,1512.0971841094272,0.13687265767759912,1.0478067557973851,0.453955694308625,0.9422554639610746,0.9335937835552358,0.014028795238960277,0.27374531535519825
2019-04-19,Friday,281545367929.74634,16.514697346233646,1.6620889694079657,0.4559350341300378,1.608738301527255,1512.5680036796805,0.1014656762693884,0.7863192263247085,0.4654248270504034,0.9335949121755632,0.9236341490018976,0.008772831620626299,0.2029313525387768
2019-04-22,Monday,281487682180.44946,15.743718645482035,1.6618376940797484,0.4557224265385699,1.6083288071470043,1510.749831438578,0.11160725605550327,1.226279025814168,0.44620356134383976,0.9578628894879552,0.9515423229111486,0.006766726593481877,0.2232145121110065
2019-04-23,Tuesday,281502600963.7637,15.906909113699255,1.66209044708307,0.4556894145854143,1.608351483641303,1510.9895688423615,0.13890964397880956,1.179344891119724,0.4348133865754992,0.953997109419732,0.9470966758326921,0.011462317365612805,0.2778192879576191
2019-04-24,Wednesday,281500495899.0614,15.945505348174427,1.6621782493766522,0.4557553265074095,1.6084390993794642,1511.619593745899,0.13321280208650632,1.1764709952787145,0.4340769023057939,0.9494240639337496,0.941837673523812,0.01164331115801675,0.26642560417301264
2019-04-25,Thursday,281578505002.7155,15.768293215598753,1.6618324901630128,0.4556106215805919,1.6082021735057148,1510.9956483042909,0.1292339654359941,1.1153468164392208,0.42500905795651095,0.9455829779182752,0.9374204246060164,0.011796036949894643,0.2584679308719882
2019-04-26,Friday,281506588583.75104,15.463386510040074,1.6619491632474517,0.4555578633330341,1.6080854109842193,1509.6649106637412,0.10767383576915808,1.0112154217980314,0.4133070434767423,0.8878640478342796,0.8710436550094216,0.017846852943262447,0.21534767153831613
2019-04-29,Monday,281500836078.6608,16.36934026214265,1.6614944147188586,0.4559439972963984,1.6087862573922838,1512.7269032197503,0.12782834799008647,1.2179530906380511,0.4363254878643081,0.9332222110352386,0.9232055426905244,0.014432894733979759,0.2556566959801729
2019-04-30,Tuesday,281429380495.3163,16.616199805050012,1.6617800407714638,0.4560163380196953,1.6088945672494293,1513.4167238156076,0.1440149859718699,1.1797906714789144,0.4248583289971697,0.9509550803092476,0.9435983423556346,0.013177395666422656,0.2880299719437398
2019-05-01,Wednesday,281519968627.42804,15.73956645453857,1.6618900712041982,0.455651710150732,1.6082317858162736,1510.6163399824914,0.13261639558957206,1.1605330884173255,0.4235046908906685,0.9409991248852806,0.9321489936180728,0.013569890579055048,0.2652327911791441
2019-05-02,Thursday,281604851115.31964,16.192491387463555,1.6615463269575332,0.4558297204130343,1.6084605210082457,1512.240049342877,0.13620394522478654,1.1591795358061103,0.4325162601054077,0.9394088543266704,0.9303201824756712,0.014723566763715674,0.2724078904495731
2019-05-03,Friday,281657216239.4029,15.815767003395864,1.6613913524200388,0.4556524438060103,1.6082212446181017,1511.1606862593524,0.11753391598396318,1.0566721727939985,0.4221400670268372,0.9092534005773866,0.8956414106639946,0.016856851957593257,0.2350678319679264
2019-05-06,Monday,281536848142.6301,16.064972685469314,1.661331809088311,0.4555729889274253,1.607972301219552,1511.1785709265882,0.12901932968642393,1.1984094369396825,0.4463910660917522,0.9333436946777902,0.9233452488794588,0.014659664937268772,0.2580386593728479
2019-05-07,Tuesday,281520917937.6538,16.437855699183714,1.661261185170587,0.4558172685886098,1.6085014334848933,1512.4808203944312,0.14660138029040154,1.194428957736626,0.436856622090106,0.9541002856576708,0.9472153285063216,0.012747219263828621,0.29320276058080313
2019-05-08,Wednesday,281495535947.2305,15.790235446116831,1.6615834679023609,0.4556369595993391,1.6081911582297737,1510.3447213836034,0.12704016652486358,1.2134051490436175,0.4370584455086759,0.9409868659995912,0.9321348958995298,0.012491061797729136,0.2540803330497272
2019-05-09,Thursday,281570476381.30835,15.857909758344078,1.6619174078601635,0.455630786936488,1.6081720974019589,1510.9671345670165,0.12810040049675972,1.205838644769035,0.4331000834745087,0.94097834951602,0.9321251019434228,0.012697437432033273,0.25620080099351944
2019-05-10,Friday,281587703569.19385,15.610352278711355,1.6618106626246751,0.4555071124429452,1.6079642208873668,1509.9603192425006,0.11390518696576528,1.0425360336066432,0.4222185818068571,0.8990990642004492,0.8839639238305164,0.017785395720696325,0.22781037393153056
2019-05-13,Monday,281602544440.0318,15.721072941754676,1.6608469000500712,0.4554728391960384,1.6079027782327309,1510.1979157405108,0.1207531434732299,1.2563424203071525,0.4414586822241419,0.9404253484443312,0.9314891507109808,0.01142316124428157,0.2415062869464598
2019-05-14,Tuesday,281493788992.4221,15.925298309378094,1.6614411698621931,0.455557388530692,1.6080409301977232,1510.387544937088,0.12969717189327928,1.2428658856168315,0.4381189348427436,0.945089586727586,0.936853024736724,0.01207878287436906,0.25939434378655857
2019-05-15,Wednesday,281599332542.5173,15.929564214521587,1.6612975747754162,0.4555058519385816,1.6078939233557838,1510.923187170384,0.13413446029709689,1.2173918410108284,0.438791344293456,0.942680226743846,0.934082260755423,0.013503944377051302,0.26826892059419377
2019-05-16,Thursday,281336061020.8052,15.753542563432793,1.6611969202271473,0.4555477521996324,1.6080352882843267,1509.819498367496,0.13246314598748393,1.1864030371053091,0.4369260911221826,0.937833705980393,0.928508761877452,0.014333617486864224,0.26492629197496786
2019-05-17,Friday,281618417021.9067,15.918942461279604,1.6607132819965151,0.4556027195850658,1.6081914076405672,1510.8777940157004,0.12268834620085807,1.0323643577410315,0.4279555818341409,0.8954752900473756,0.8797965835544819,0.02144654317536616,0.2453766924017161
2019-05-20,Monday,281596425718.93896,16.693238896298105,1.6602044793853408,0.4558139369244356,1.6083989649229091,1513.125909332131,0.13305162888910424,1.1841826418407948,0.4414699055714049,0.947086085765402,0.9391489986302124,0.012187232660438007,0.2661032577782085
2019-05-21,Tuesday,281575433408.7484,16.866883842211013,1.660960787354944,0.4559317584859135,1.6087054610059082,1513.7808406536853,0.14000753252180193,1.1768201059105254,0.4413322307476589,0.9474732681761128,0.93959425840253,0.01338521847180274,0.28001506504360385
2019-05-22,Wednesday,281541715354.81085,16.893978614859414,1.66098699394116,0.4559801198346782,1.6087512397354604,1513.7265625367222,0.14247631491123453,1.1238749777780934,0.4377597453527894,0.942276554541688,0.9336180377229412,0.015269814812486944,0.28495262982246905
2019-05-23,Thursday,281592539407.322,16.6680767743317,1.6605482191562175,0.4557211392475986,1.6082707013994189,1512.7805668092221,0.13718042793995694,1.1167676901171442,0.43166878734229935,0.942542163519002,0.9339234880468522,0.014080512710069956,0.2743608558799139
2019-05-24,Friday,281688049126.0951,16.658652494413687,1.6602835080599707,0.4556842014769976,1.6082177882989517,1513.1051929508135,0.12353073287072285,0.92321218049035,0.4251876002086388,0.9030820360242888,0.8885443414279321,0.01983151655973816,0.2470614657414457
2019-05-28,Tuesday,281823579513.1345,16.679228113000132,1.65997245865273,0.455728155709001,1.6082125853617268,1513.6194500190345,0.12691090848438802,1.1957099408606244,0.44446006598009546,0.9548501117460341,0.9480776285079392,0.009390144699639405,0.25382181696877604
2019-05-29,Wednesday,281547833460.5734,16.534117292428984,1.6608358631950864,0.45570963870904,1.608199098164892,1512.3458786323263,0.13151891361412474,1.127126817280612,0.4440751384186092,0.9486155074385012,0.9409078335542762,0.01150743466805782,0.2630378272282495
2019-05-30,Thursday,281732501598.3094,16.49671949836443,1.6595671767909117,0.4557605787802459,1.6083607173035397,1512.7215238005822,0.12550466684136716,1.0954919051217475,0.4347220742536432,0.9449552372668166,0.9366985228568392,0.011246873818135493,0.2510093336827343
2019-05-31,Friday,281732366142.403,16.904806453463962,1.6596787239245343,0.4558612212179567,1.6085670485111825,1514.3089601790714,0.12468969585780733,0.9291171015197848,0.4247397107189193,0.916546298388197,0.9040282431464266,0.017150471086651832,0.24937939171561466
2019-06-03,Monday,281619728351.43085,16.586098653232142,1.6610477653591915,0.4556074670080047,1.6080863318816272,1512.4094046125726,0.12887519102120534,1.1229607870054117,0.4504785605592796,0.9640478804752842,0.9586550625465768,0.007605275110709427,0.2577503820424107
2019-06-04,Tuesday,281552053340.7103,16.088295239116785,1.6607110215368752,0.4553931356582032,1.6077570246771813,1510.6128049494973,0.12297647152229901,1.0786164036255252,0.437608780951144,0.9598147563564166,0.9537869698098792,0.007752798041915964,0.24595294304459803
2019-06-05,Wednesday,281516094154.40643,15.615756342104664,1.6607604178366842,0.4552585698789414,1.6075480175221837,1509.4301265491033,0.11424528516391685,1.087192791982776,0.4374856630270956,0.9505646222611024,0.9431493156002678,0.008315902020362262,0.2284905703278337
2019-06-06,Thursday,281519304503.2784,16.214620862568154,1.6611491967626677,0.4554483688254033,1.6078157383875231,1510.899231930677,0.12839704054432566,0.9874080891046764,0.4408907940236689,0.9518886166153382,0.9446719091076388,0.010138515357121902,0.2567940810886513
2019-06-07,Friday,281584547640.296,16.524633756144404,1.6612446527265812,0.4556162875576813,1.6081546213120836,1512.0275592954513,0.11672718114233775,0.8974124982733218,0.4339164753990835,0.9302194463363452,0.9197523632867972,0.012352698921940693,0.2334543622846756
2019-06-10,Monday,281560613072.4877,16.320176879821197,1.6606541380895639,0.4554581986609096,1.6077939258605969,1511.1468808346551,0.11386952834442,1.1045604531695588,0.4477063696973964,0.9628024153281716,0.9572227776273974,0.006143965694750597,0.22773905668884
2019-06-11,Tuesday,281470372376.00586,16.196611128452727,1.6607725329934009,0.4553996823726619,1.6077581358728257,1510.5945795215955,0.1207546232617686,1.0602640224767492,0.4433403975990227,0.9614727675135172,0.9556936826405446,0.007145744203002256,0.2415092465235372
2019-06-12,Wednesday,281653024119.6875,16.318214056984502,1.6606854460093896,0.455531319133187,1.607962441314554,1511.922737089202,0.12599994954419064,1.038562011017621,0.4415796316563541,0.9637107493289794,0.9582673617283264,0.007300334276133769,0.2519998990883813
2019-06-13,Thursday,281707774276.1513,16.457087005090457,1.6608286013536044,0.4554645698617018,1.6078022478664995,1512.3717246011279,0.12593369223321074,0.9315527219750428,0.43854731708607503,0.9611247990384132,0.9552935188941754,0.007772856292341796,0.2518673844664215
2019-06-14,Friday,281635974761.5323,16.644382254771372,1.6612469816692192,0.4555631674659649,1.6079176571176232,1512.3650700440653,0.11535211419376228,0.8398656781535121,0.4308091920205401,0.9328529032535702,0.9227808387416055,0.011523286367127216,0.2307042283875245
2019-06-17,Monday,281660040442.0867,16.710284951154584,1.6615171181339352,0.4555746236491297,1.6080840857787808,1513.0516600827689,0.11170154681962033,1.0462639954132391,0.4512633673849725,0.9663708451105192,0.9613264718770972,0.005305053083800811,0.22340309363924066
2019-06-18,Tuesday,281416532156.5969,16.436752732467014,1.661189846915064,0.4555139038679831,1.6079363812617653,1511.7727667485058,0.11384396101072305,1.0825529798210758,0.4462207882471663,0.9664186945138341,0.9613814986909092,0.0055156744590456365,0.2276879220214461
2019-06-19,Wednesday,281640240563.2327,16.508123034367845,1.6604445697636168,0.4555776579138128,1.6080313924526528,1512.6873772263737,0.1178634857217839,0.998186267771223,0.4443916626959869,0.9657998341076413,0.9606698092237874,0.005990175475528082,0.2357269714435678
2019-06-20,Thursday,281747011930.7185,16.282361666654186,1.6595230270879302,0.455375830971534,1.6076334444392282,1511.8694896953195,0.11356303328038392,1.0201129895138554,0.4347883719882189,0.966558712932321,0.9615425198721692,0.0054418136979376575,0.22712606656076784
2019-06-21,Friday,281648228682.30634,16.597895919117306,1.6601659400135311,0.4554942055744813,1.60785631060663,1512.5438200030069,0.11137465877200407,0.8004326726297081,0.4356094858949229,0.9257766203012808,0.914643113346473,0.011927676614976592,0.22274931754400806
2019-06-24,Monday,281640848450.6077,17.34406292274809,1.6613234767194072,0.4558884087526196,1.6086521960510682,1515.1616393535367,0.11268461577444305,1.0128266580088792,0.4636347240873608,0.9638427084058586,0.9584191146667376,0.005806458359548159,0.22536923154888605
2019-06-25,Tuesday,281835406892.8206,18.29149130408208,1.6623521112757609,0.4563203594229414,1.6093749260260484,1518.6026947822918,0.1268065053639199,1.035124575622727,0.4678438977919422,0.9684197800477624,0.9636827470549272,0.0064018075129702225,0.2536130107278398
2019-06-26,Wednesday,281767945964.4523,18.32484827206528,1.6619605653001146,0.456275175261346,1.6092263566918774,1518.3149049156118,0.12707112245830232,1.0259971558285803,0.4606542665920625,0.9680105002585015,0.9632120752972768,0.006510503520408689,0.25414224491660464
2019-06-27,Thursday,281747483224.3946,18.075399880164472,1.66195777605418,0.4562819375092935,1.6092014907020298,1517.7806747885966,0.12089872407007644,0.9847530715292232,0.4549075725566991,0.96652951549134,0.961508942815041,0.006157569623076393,0.2417974481401529
2019-06-28,Friday,281648149304.4528,18.106255666069558,1.6620691939360674,0.4562687028458548,1.609213240721464,1518.0316161023527,0.1123984942927478,0.8428467174713719,0.442616485664754,0.9275513598945492,0.9166840638787312,0.011874816062283284,0.2247969885854956
2019-07-01,Monday,281625252733.7015,17.718891574994164,1.6611587395901122,0.4559599270055834,1.6086778145601677,1515.4949212008034,0.11559731129388645,1.005426430707331,0.4590606310579029,0.976991217844342,0.9735399005209934,0.0038340954440320963,0.2311946225877729
2019-07-02,Tuesday,281866121349.3856,17.82399328932745,1.6616759396578598,0.4559899758741213,1.6087112588912085,1516.6746691478604,0.11734090341190245,1.0027123076558735,0.4572142548802282,0.9712801428536668,0.9669721642817172,0.004959262542470621,0.2346818068238049
2019-07-03,Wednesday,281764695028.18164,17.697463363269815,1.660987656652847,0.4559847834586007,1.6086724527090202,1516.556862504368,0.1103896777068456,0.8630375656863019,0.4447705660830842,0.936690299676521,0.9271938446279993,0.009927414073454441,0.2207793554136912
2019-07-05,Friday,281772390726.7993,17.82666796067619,1.6597777399784543,0.4558715024039871,1.6084698833890874,1517.030499329062,0.07933560889378187,0.7007054998414383,0.4436332102599496,0.9597010925003998,0.9536562563754598,0.003144718805200125,0.15867121778756374
2019-07-08,Monday,281579872109.5673,18.176507879781546,1.6625096985409609,0.4563730403491205,1.6094941619514411,1518.090101811025,0.11627720932481335,1.0416491570738318,0.4714024449316753,0.9706326067311368,0.9662274977408072,0.004996458443604589,0.23255441864962675
2019-07-09,Tuesday,281522015012.30505,18.68504178249746,1.6629952810034276,0.4566291209004324,1.6098757109353488,1520.7527701554325,0.12781057390818595,1.075405955933784,0.4724262012266962,0.9713027506530956,0.9669981632510598,0.005908311139504867,0.2556211478163719
2019-07-10,Wednesday,281663725973.1713,18.16339641989999,1.662346017749352,0.4563226635769345,1.6093581471039038,1517.9983726606995,0.1247854761735671,1.0409461712847898,0.4650072013314037,0.971936560649238,0.9677270447466236,0.005491269134786956,0.2495709523471342
2019-07-11,Thursday,281843945992.51465,18.129036023511397,1.661423096939017,0.4562478908173249,1.609239721814827,1518.1049297440507,0.12052107134621375,0.97279820820257,0.4647135786228872,0.9567888005003196,0.9503071205753676,0.007973449983981074,0.2410421426924275
2019-07-12,Friday,281698778806.8865,18.527465400968467,1.662687303681069,0.4565744061991848,1.6097867656129896,1520.209286656481,0.11438048724402518,0.8762561658398513,0.4565788728149658,0.9435035074793028,0.9350290336011984,0.009452279447020552,0.2287609744880504
2019-07-15,Monday,281791739571.6553,18.221770490909396,1.6619428787950552,0.4561754861801931,1.6090986595936152,1518.7374271775684,0.12112751084226428,1.0599445906567515,0.4764680476768398,0.9735305558706792,0.9695601392512812,0.004878436465386915,0.2422550216845285
2019-07-16,Tuesday,281586858176.0809,17.770469288306074,1.661426204826385,0.4559549792788308,1.6086833398622786,1516.153169055631,0.12183216674884415,1.094653495764933,0.4650081687022046,0.9725482792947236,0.968430521188932,0.0051353076007219145,0.2436643334976883
2019-07-17,Wednesday,281723311998.1219,17.603871266037444,1.6600200906437024,0.4557754552430507,1.608350350643042,1515.5639056965936,0.12155316438093144,1.0642781996973667,0.4689628263594893,0.9685835273448048,0.9638710564465256,0.005862436705449626,0.2431063287618629
2019-07-18,Thursday,281653086970.2192,17.670034013614778,1.6599099736715457,0.4559013943733118,1.6085364587756796,1515.9985656182469,0.12137500679523892,0.9642582058990412,0.4657996134031725,0.9633733024994928,0.9578792978744166,0.006803441315427893,0.24275001359047785
2019-07-19,Friday,281749553972.3826,18.20412901678517,1.6607043120177971,0.4562183953866356,1.6090689638850761,1518.3444265631656,0.11784431821668022,0.8098234285160137,0.4585290821031262,0.9293980165986896,0.9188077190884928,0.01266212277072953,0.23568863643336044
2019-07-22,Monday,281763812370.1711,18.05032914033794,1.6597188376857814,0.4562123766656031,1.6091739733222294,1518.3435129674406,0.1149306407655124,1.0754260548479315,0.4756734030760996,0.9727687777348412,0.9686840943950674,0.004526618304538099,0.2298612815310248
2019-07-23,Tuesday,281659474108.45044,18.16329548946842,1.6607833861582857,0.4561628333474279,1.6090117791759306,1518.088074175694,0.12476569715821526,1.007005832104963,0.4676842782999044,0.9678410047309502,0.9630171554405929,0.0063023440249171435,0.24953139431643045
2019-07-24,Wednesday,281295117029.0425,18.814290167375592,1.6626035941104431,0.4566560497451139,1.6099070619618563,1520.5757791511214,0.12993533629381304,1.0104827777973164,0.4710031361049327,0.9691198827939228,0.9644878652130112,0.006556564548231329,0.2598706725876261
2019-07-25,Thursday,281516533932.59235,19.296381884402177,1.6614232102716502,0.4569242898909064,1.6102840324608527,1523.2054091896216,0.13313117124372004,1.0001721091425553,0.4719739425446421,0.9704888446690692,0.9660621713694296,0.0065638224797648,0.2662623424874401
2019-07-26,Friday,281436651527.2654,19.316913755525913,1.6617568023894569,0.4568057177520281,1.6101342642575516,1522.2447576061677,0.12347131588137605,0.836683764831977,0.4588107344549582,0.9287777992189056,0.9180944691017414,0.01406168664065921,0.2469426317627521
2019-07-29,Monday,281539064029.5781,19.00729075799933,1.6612827281158593,0.4566013290824805,1.6097357970083943,1521.9484435566335,0.1196702039109818,1.1111541221668375,0.4769809621923024,0.9756905338605179,0.9720441139395958,0.004377945328985097,0.2393404078219636
2019-07-30,Tuesday,281597385866.9946,19.238416583969386,1.6602477172045926,0.456551134961163,1.6096098668151255,1522.6642113828104,0.13136592759926208,1.07638633653632,0.4753213943094222,0.9754641430497208,0.9717837645071788,0.00531407148473099,0.26273185519852416
2019-07-31,Wednesday,281591262636.3671,19.39911667751516,1.6599979026045837,0.4567709767414277,1.6099893223506083,1524.1416599931354,0.13312516809823433,1.0124308498401426,0.4713308234135774,0.9676409755078846,0.9627871218340672,0.007224065909535391,0.26625033619646865
2019-08-01,Thursday,281494165672.9029,18.643298755289266,1.661193994449847,0.4566279273488208,1.6098005265529756,1520.7254287137405,0.12774597929737194,1.0251909274140312,0.4639687114145884,0.9724596865217712,0.9683286395000368,0.005638464207919466,0.25549195859474394
2019-08-02,Friday,281886729722.1971,18.974407271730662,1.6604947668886774,0.4567257334310613,1.609900095147479,1522.6643672692676,0.12399843708588099,0.8399777513074744,0.4605492204976727,0.930209952103772,0.919741444919338,0.013879056965830793,0.24799687417176197
2019-08-05,Monday,281474032407.5381,18.514008171547786,1.6614680856106752,0.4566014803740671,1.6097651157829869,1520.0924035931837,0.12319048787153955,1.1470721013790384,0.4771145265464092,0.9751134820095412,0.9713805043109724,0.004762540672256047,0.2463809757430791
2019-08-06,Tuesday,281588400932.8041,18.415040084404914,1.6604094512065115,0.4563813079877032,1.6094436258368354,1519.6659433439304,0.1315376161492514,1.0612220253250428,0.4782640306089431,0.9684592190394414,0.9637281018953576,0.006891724756649447,0.2630752322985028
2019-08-07,Wednesday,281704758454.197,18.213496951739078,1.6590035960514316,0.4561654260253584,1.6089471271754694,1517.6679252059107,0.1310026898925091,1.092449958030095,0.472575736536457,0.9720915942977116,0.9679053334423684,0.006038253305454025,0.2620053797850182
2019-08-08,Thursday,281880799744.2089,18.3407522176722,1.6592002654720426,0.4562594423119283,1.609030790016355,1520.098456943753,0.13873209499863534,1.0376110418689457,0.4708616018266703,0.9695146075554294,0.964941798688744,0.007389816757624884,0.27746418999727074
2019-08-09,Friday,281655845224.4019,18.16445934479411,1.6605871738646536,0.4563403057723443,1.6092958933823356,1519.2153523374716,0.12317984161972725,0.8978941553777557,0.4527732683503005,0.9309888064620724,0.9206371274313834,0.013593753716719632,0.2463596832394545
2019-08-12,Monday,281558359211.5351,17.936586443750233,1.661237507571169,0.456282614009731,1.6092519685039368,1518.603583055724,0.12612898467012754,1.152160918941515,0.4704168955273863,0.96782271174266,0.962996118504059,0.00650559935508691,0.2522579693402551
2019-08-13,Tuesday,281555300683.6926,17.945364715626226,1.6604343693700083,0.4562245847474179,1.60914795322467,1518.0747733817545,0.13514619689758878,1.133669365391305,0.4693486030711754,0.9663578074276938,0.961311478541848,0.007812412926370345,0.27029239379517755
2019-08-14,Wednesday,281680233256.7335,17.831634308997387,1.6610798719325044,0.4563055334206933,1.6092853663496507,1518.2201881286915,0.13449159305505512,1.1350182422607171,0.46397440011011293,0.9598381268426656,0.9538138458690656,0.009299775134248421,0.26898318611011024
2019-08-15,Thursday,281640565347.5429,17.876873353783374,1.6616631613772244,0.4563533584875694,1.6094430134461328,1517.6185599168186,0.14000930332322653,1.1159884897586645,0.4599115340170988,0.9608717295429788,0.9550024889744256,0.00979724257241029,0.28001860664645306
2019-08-16,Friday,281549986090.3982,17.765021652362872,1.6610804528187781,0.456345078884454,1.6094296297696218,1517.4650274979685,0.12849639162097365,0.9755869189598304,0.447343759590451,0.9275214737270904,0.916649694786154,0.015685416993815704,0.2569927832419473
2019-08-19,Monday,281699191824.0454,17.851967043524056,1.6609993995470602,0.4562855860804405,1.6092469752774141,1518.052839858728,0.13752010959417066,1.1820938509126069,0.4692673354385762,0.96262788009608,0.957022062110492,0.009046000587403506,0.2750402191883413
2019-08-20,Tuesday,281638552439.168,17.834171941573807,1.6609409159308368,0.4563976154304533,1.6094659436131853,1518.8916886705847,0.14252348257794042,1.214545848379229,0.4655461581864112,0.9616941978715956,0.9559483275523348,0.009985681957670528,0.28504696515588085
2019-08-21,Wednesday,281682178583.98395,17.75701240108805,1.6602679605956991,0.4563022514742573,1.6092249194841308,1518.3931728218151,0.1445903672902595,1.1692879084968315,0.4695192985145445,0.95655368428444,0.950036736927106,0.011690948950716595,0.28918073458051896
2019-08-22,Thursday,281739074461.9055,17.843885760862502,1.6610829983447624,0.4564918781432075,1.6095861905887916,1518.2968124852212,0.14915482291715487,1.1339212023000784,0.46500512107714104,0.9580783480030404,0.9517901002034964,0.011960510238930043,0.2983096458343097
2019-08-23,Friday,281664532514.9099,18.03619363637895,1.6613133019988735,0.456641248278879,1.6099001746588473,1519.0077626154334,0.13561601876171342,0.9957060769296128,0.4553818574657341,0.9151381947864868,0.9024089240044598,0.02076395888570001,0.27123203752342684
2019-08-26,Monday,281537262268.7889,17.614703037781137,1.6607106608570041,0.4563126970750105,1.6092970339563142,1516.9322195523791,0.14360300260925668,1.2297058568848702,0.4689619393421714,0.9564068435986964,0.9498678701385008,0.011609357031128538,0.28720600521851336
2019-08-27,Tuesday,281509103894.66003,17.805310968327024,1.6608895799757069,0.4564330445421417,1.6094771319056824,1518.050145805665,0.15342674395743694,1.2029933977475544,0.4716976533403303,0.9583551211806304,0.9521083893577248,0.01261700993417229,0.3068534879148739
2019-08-28,Wednesday,281539166249.007,18.106307918428925,1.6608506204414133,0.4567167707675031,1.6098939092545232,1519.6391825329165,0.15849660349775865,1.1886451149212918,0.4705626370323779,0.9544279886556719,0.9475921869540228,0.014783729533596768,0.31699320699551725
2019-08-29,Thursday,281603830765.90265,18.18896394079829,1.66075692680893,0.4566908150806772,1.6099050524959253,1520.0596169882126,0.15692281700432112,1.1541798368513656,0.4612075270690661,0.9540153205080452,0.9471176185842521,0.014601065260170215,0.31384563400864224
2019-08-30,Friday,281624162264.4798,18.32917823295384,1.6605873173230623,0.4568073390181221,1.6101184405876017,1520.977654240761,0.13740759671254507,0.9448922756379698,0.4529727588351169,0.8914696141909191,0.8751900563195568,0.027880907247770655,0.2748151934250901
2019-09-03,Tuesday,281642566293.1873,16.492076851453387,1.660774509757807,0.4562928570809327,1.6092973156035542,1514.4104487791572,0.1474663286141882,1.2099581878705643,0.4622526473634903,0.956413190327795,0.9498751688769644,0.012228435283293223,0.2949326572283764
2019-09-04,Wednesday,281598131937.5484,16.467138087007662,1.6615088678082803,0.4563231600854863,1.609346119657798,1514.5224646439942,0.154706158022177,1.2165771204551412,0.4580725611180295,0.9533720600257692,0.9463778690296346,0.014448441218044216,0.309412316044354
2019-09-05,Thursday,281492214530.9837,16.568820055827047,1.66188667180712,0.4563452882665879,1.609317698832114,1514.2299710379327,0.160431014880434,1.1841475839538191,0.4578117877064422,0.9501463239768954,0.9426682725734296,0.016640516733224683,0.32086202976086803
2019-09-06,Friday,281618834768.5717,16.444099100817066,1.6622521849099003,0.4562724780495132,1.6093066113798664,1513.9504111250585,0.14265023159304338,1.0439926407278506,0.4463061953559525,0.8972979204445339,0.8818926085112141,0.02845244496341325,0.2853004631860868
2019-09-09,Monday,281569794871.4145,16.251929322513107,1.6624554675089065,0.4562834743634471,1.6092890781421845,1513.8018762396246,0.1569563674463014,1.2707832778777648,0.4675945220908546,0.9510291917817056,0.9436835705489616,0.015697613262827762,0.3139127348926028
2019-09-10,Tuesday,281625423393.8966,16.188055881981295,1.6623871219200659,0.4562302453995976,1.6091401308282187,1513.2452723866056,0.16469398921144754,1.203462141787939,0.4604534616910799,0.9511670057304156,0.943842056589978,0.0171767840565389,0.32938797842289513
2019-09-11,Wednesday,281668165539.08563,15.976628590536857,1.6621441573307811,0.4560032223794581,1.6087841768470044,1512.348355195256,0.1580999039712737,1.2265359234538304,0.4575927565986456,0.9475196364305806,0.9396475818951676,0.017096597777312643,0.3161998079425474
2019-09-12,Thursday,281607496685.9933,16.03319380123671,1.6618511217497418,0.4560756303359095,1.6090021590162396,1512.7608373228195,0.15687409921917447,1.1947768513033317,0.4555615586793924,0.9479941086306732,0.9401932249252744,0.016644885173794075,0.3137481984383489
2019-09-13,Friday,281676064458.736,16.1604557024612,1.6624215794544044,0.4562340466029269,1.6091825465823917,1513.665546652882,0.14521945153007162,1.0210523566521443,0.44497001897060223,0.8938433912039472,0.8779198998845392,0.03054771419661987,0.29043890306014325
2019-09-16,Monday,281632880028.3479,16.457503505013573,1.6625011762491766,0.4564238088710552,1.6095558483109065,1514.6785687400022,0.15747767951701386,1.2207232050165473,0.4674929072823123,0.9503983765381672,0.9429581330188922,0.01597867329380409,0.3149553590340277
2019-09-17,Tuesday,281608968365.8646,16.544673472198447,1.6629548749035186,0.45646364912041204,1.6096264989928275,1514.944125454169,0.16284862758617272,1.2450641567839298,0.4650268040054482,0.9509274308829736,0.9435665455154196,0.016915508943744557,0.32569725517234543
2019-09-18,Wednesday,281590365667.8885,16.504314392150434,1.6630458826131769,0.4564470662886059,1.6095953915011978,1514.8746076045875,0.16310633047782086,1.222607755329202,0.4659114979682877,0.9525129563893098,0.9453898998477064,0.01637567522133689,0.3262126609556417
2019-09-19,Thursday,281458911747.4153,16.46683925996539,1.6633803479078515,0.4564816088550427,1.6096332863187588,1514.1768876351666,0.16162106641779034,1.1522069035659523,0.4560953400327271,0.9470087699661912,0.9390600854611196,0.01797839735528138,0.3232421328355807
2019-09-20,Friday,281611844031.2685,16.942256079208914,1.6630231724346152,0.4567780185633376,1.6101964373325282,1516.8588047703513,0.14902727534021193,1.002784447503262,0.4464906957216148,0.8946378993439156,0.878833584245503,0.03186041074946128,0.29805455068042386
2019-09-23,Monday,281572058992.6098,16.945819636665455,1.6623481934072566,0.4567301861200665,1.6101069246435846,1516.3822980312286,0.1587479297358698,1.2385729379737376,0.4687806819282594,0.9495389634599708,0.9419698079789662,0.016548219858419384,0.3174958594717396
2019-09-24,Tuesday,281561589721.9557,17.164568029725796,1.662677449355824,0.4567605572593465,1.6101897356730448,1517.5005358297808,0.16800939537112233,1.2077779128202657,0.4598274018056311,0.9517210504068928,0.9444792079679272,0.017666161386526037,0.3360187907422447
2019-09-25,Wednesday,281597629995.538,17.587675448344278,1.66164552710138,0.4568925582477572,1.61034285362842,1519.1180330505786,0.16862342067324268,1.216788454741185,0.4642399936063677,0.9486034356852232,0.9408939510380064,0.01901567764746549,0.33724684134648536
2019-09-26,Thursday,281616056242.861,17.798835408554442,1.6613368928270522,0.456961706455532,1.6104957731012088,1519.6605937538461,0.16930312852315532,1.1869182948108343,0.4583405923385568,0.9536380565281416,0.9466837650073628,0.01717341464367821,0.33860625704631064
2019-09-27,Friday,281612439592.45026,17.892044126318254,1.66168048996528,0.4569971915856361,1.610609283004211,1520.2362718303118,0.15060438562029466,1.0360081730731925,0.4497650949098179,0.8965660933742132,0.8810510073803453,0.0319484894169209,0.3012087712405893
2019-09-30,Monday,281844571964.9978,18.41204918167601,1.6601886810396478,0.4572443236907543,1.6109594773230878,1523.1146066133465,0.15894547714182045,1.2328778754733039,0.47271714211622706,0.9554375797658844,0.9487532167307672,0.014555777373220103,0.3178909542836409
2019-10-01,Tuesday,281582706216.5308,17.018197166480437,1.6612375241979926,0.4564573186580585,1.6096292702686157,1515.6673182265638,0.15938452623805374,1.2678559128778328,0.4609886383078037,0.9562170485916628,0.949649605880412,0.014391874111778094,0.3187690524761075
2019-10-02,Wednesday,281697732860.49164,17.409825381486602,1.661439829163202,0.4566871953357382,1.6100139844281502,1518.230624952755,0.16771549733951774,1.1247536974231094,0.4557472107869068,0.9368109699079696,0.9273326153941652,0.023298816987703704,0.33543099467903553
2019-10-03,Thursday,281612165829.8953,18.924786659784466,1.6608617217253523,0.4576491840468804,1.6117002491242471,1526.440100413298,0.17136980315980482,1.2201074439248731,0.4561852823091224,0.9520268431372214,0.9448308696078046,0.01826908567211976,0.34273960631960965
2019-10-04,Friday,281501937649.34314,18.75652539759761,1.6616794285959338,0.4576337782945787,1.6116720430363702,1525.140473342895,0.15238575315427108,1.008082356240102,0.4353391699790765,0.884625784434011,0.8673196520991127,0.03690492736297028,0.30477150630854216
2019-10-07,Monday,281484364261.6114,18.477519713654164,1.6613807258406312,0.4576633325457264,1.611583353572296,1524.8476220409445,0.1347989106472344,1.5874152788407367,0.4203548237593109,0.9301253265564338,0.9196441255398988,0.01700598557056851,0.2695978212944688
2019-10-08,Tuesday,281497117969.6138,18.25872393879529,1.6622537311306644,0.4574949738222653,1.6113783459089333,1522.2805886235535,0.16406042530953105,1.2078229549262962,0.4520993914605865,0.9514685830161859,0.9441888704686138,0.016938077394152894,0.3281208506190621
2019-10-09,Wednesday,281465073481.4711,19.6380031911524,1.6613346986233857,0.4581812490878736,1.6126771009277912,1528.2685570192014,0.16608116421547314,1.1818648913694405,0.4757333394567401,0.9498507946594994,0.9423284138584244,0.017942332265813817,0.33216232843094634
2019-10-10,Thursday,281204587896.6399,19.71784631689767,1.6618721931720692,0.4584130856064728,1.6131334384570777,1529.7768724567804,0.1736893913325577,1.233610070580543,0.4601144636538663,0.957369076955408,0.9509744384987192,0.016595102944428525,0.3473787826651154
2019-10-11,Friday,281506886931.4557,19.407109506036576,1.6625139181588366,0.4580951524795649,1.6125327942884178,1527.3107727744089,0.15374405390065649,0.9883924705362516,0.4589242858584018,0.9028176580874726,0.8882403068005935,0.030961182725131268,0.30748810780131297
2019-10-15,Tuesday,281538293714.5774,18.79652993502816,1.6631870828191777,0.4579378378560226,1.6123654658846736,1524.8962747330756,0.17430616389010226,1.2972706944935328,0.461916481468793,0.9561662824060566,0.9495912247669652,0.01725503152692035,0.3486123277802045
2019-10-16,Wednesday,281579860457.3648,18.77258118600232,1.6628958090109838,0.458112660655645,1.6126230015963403,1525.1553644182889,0.1716170106066426,1.2251301024731291,0.4855492445280274,0.9487946468619424,0.9411138438912336,0.019627795152746312,0.3432340212132852
2019-10-17,Thursday,281334240785.9998,18.94758642463395,1.6630959191456902,0.4581887089773647,1.612738367658276,1525.5448274218154,0.17563513173769035,1.1834466104456485,0.4755172293710022,0.955008390836762,0.9482596494622764,0.01790663671454673,0.3512702634753807
2019-10-18,Friday,281299536068.2395,18.893771251883713,1.6636639068588688,0.4579535207348083,1.6123391038405472,1524.7646604864756,0.15779886627858272,1.0179353134827964,0.4596025931002001,0.9118865443737209,0.8986695260297791,0.029339843082298887,0.31559773255716544
2019-10-21,Monday,281149076445.1365,18.941947541957678,1.6640163410234141,0.4582825605181482,1.6129363253696298,1525.9852386724826,0.16992330272758865,1.2680616382073902,0.4894260774924027,0.9531570102644278,0.946130561804092,0.017557653320565133,0.33984660545517725
2019-10-22,Tuesday,281626793930.1288,19.080931860367624,1.663668927309199,0.4583237488503188,1.6129764065335752,1526.869027605311,0.17937492589810566,1.2463098798892525,0.4851116424499045,0.9504952068856456,0.9430694879184924,0.02071436489639161,0.3587498517962113
2019-10-23,Wednesday,281212189775.2582,19.025823174431494,1.6637681574649743,0.4584059092992106,1.6131612373339446,1526.6831790963531,0.17983367437920156,1.230452010503927,0.4812498528206368,0.95091683291567,0.9435543578530204,0.02061832585334988,0.3596673487584031
2019-10-24,Thursday,281575548752.3221,19.18927527408086,1.6634910158734713,0.458488316060237,1.613359733321855,1527.8628874509186,0.17911447291296725,1.1953923898168508,0.4789735522950523,0.9508263715172196,0.9434503272448024,0.020456813609756805,0.35822894582593445
2019-10-25,Friday,281459323660.632,19.38263794451079,1.6639953303446262,0.4584580268275242,1.6132989488490923,1528.1973072929873,0.16104277572237485,1.020617137887733,0.4687355448039729,0.9032244096934154,0.8887080711474278,0.033890888460419696,0.32208555144474965
2019-10-28,Monday,281551997892.15283,19.697707261055623,1.6619736551763835,0.4585103064664161,1.61332783283605,1530.4762023543408,0.17543672907721392,1.2745424307521585,0.4895117426128487,0.950902074530614,0.9435373857102058,0.0196685211817895,0.35087345815442783
2019-10-29,Tuesday,281510573128.4553,19.92165538477893,1.6619653379050034,0.4584568716600151,1.6131752457512762,1531.2942388313434,0.1829432590857031,1.2595399223792534,0.4892660614259191,0.9481819977156668,0.9404092973730168,0.02262231451046226,0.3658865181714062
2019-10-30,Wednesday,281682268669.1057,20.32737602105455,1.6612264178226794,0.4586459451967536,1.6135125755545487,1534.3610374712,0.1814734424978416,1.2419291862834505,0.4939302399088467,0.9455335674319048,0.9373636025466906,0.023444409799225487,0.3629468849956831
2019-10-31,Thursday,281583995525.46924,20.52988325355697,1.6602804527791857,0.4585818107620288,1.613250307725726,1535.3861945792005,0.17557256009285835,1.1706477242804327,0.4872893348806863,0.9253900069831664,0.9141985080306416,0.030601727278005468,0.3511451201857167
2019-11-01,Friday,281296330690.0263,19.87468212768895,1.6622760522844466,0.4581430743818947,1.612644201942679,1530.3209737378586,0.15879008821027804,1.0541568433165422,0.4758639879449384,0.9101261924748364,0.8966451213460618,0.030437536572168213,0.3175801764205561
2019-11-04,Monday,281377403293.64856,19.075255748984087,1.6637908421921126,0.4577345406807696,1.6120164632605076,1525.5932782968252,0.18186870928128104,1.2958746956240896,0.4790639450763123,0.9527578104131696,0.9456714819751452,0.020316757847071727,0.363737418562562
2019-11-05,Tuesday,281411752015.7659,19.727810354468602,1.6617875976492338,0.4580648729269785,1.6124349204676631,1529.3346920007855,0.18442478379305746,1.289788693743139,0.4929389776302693,0.9585219803637672,0.952300277418332,0.018227936875862983,0.3688495675861149
2019-11-06,Wednesday,281340469763.5422,19.47423868936002,1.661560061508486,0.4579607755235317,1.6122768645953716,1526.9590070772965,0.1872537392839032,1.287985799712258,0.4884875679828489,0.9511717100015588,0.9438474665017924,0.02229072623947117,0.3745074785678064
2019-11-07,Thursday,281503939265.7118,19.56733654751449,1.6615018220424091,0.4580088882907426,1.6124118867942574,1528.0495012099127,0.1848517024271106,1.2436156594679384,0.4897852953097267,0.9492062897686836,0.9415872332339864,0.022599147206765084,0.3697034048542212
2019-11-08,Friday,281256387176.8887,19.73195023109444,1.661651112706389,0.4580400430474889,1.6124958123953101,1528.5456712132086,0.16862178955026466,1.09252471715994,0.4758023005550097,0.9215618793333702,0.9097961612333756,0.02965891110840415,0.3372435791005293
2019-11-12,Tuesday,281364901156.83386,18.284051612946037,1.6620166526548783,0.4571831445227618,1.6109044965967978,1522.5238224160125,0.17538033555749594,1.272979275780445,0.4859007143880242,0.9530204961135846,0.9459735705306224,0.01876471071793366,0.35076067111499193
2019-11-13,Wednesday,281658336186.80145,18.51716589610836,1.6613364553142682,0.4573043450892682,1.6111230089043085,1524.0073528361959,0.17975570690575307,1.2849887311746284,0.4772539375589055,0.9541949721706682,0.9473242179962684,0.019206038350907187,0.3595114138115061
2019-11-14,Thursday,281700042240.6324,18.607248565256008,1.6614241798402984,0.4572613339254726,1.6109154762018063,1523.950776141847,0.18289930628299667,1.2317573814273541,0.4758524016979365,0.9525717897744892,0.9454575582406628,0.020573685304556243,0.3657986125659933
2019-11-15,Friday,281586475322.5514,18.750494884522574,1.661766737981674,0.4573429153945319,1.6112490291470312,1524.9827652751505,0.16825481096652745,1.1159278932642918,0.4661654960324026,0.9268711228516088,0.9159017912793499,0.027413705951760608,0.3365096219330549
2019-11-18,Monday,281449911067.32263,18.60239753507012,1.6613799364071464,0.45724505094067,1.6109191496238136,1523.0004990470575,0.17985215058482248,1.2985307801901704,0.4830255565716161,0.9554685167085452,0.948788794214827,0.018677528629000163,0.35970430116964497
2019-11-19,Tuesday,281358080464.0013,18.77893801124117,1.6612216720624642,0.4574807945516546,1.6114311559702914,1524.4386783469815,0.1888651860614005,1.280917140092931,0.4848630376170074,0.9535778959289021,0.9466145803182374,0.02149781612776841,0.3777303721228011
2019-11-20,Wednesday,281566757635.6292,19.25734544471653,1.6606226904856374,0.4576487332955125,1.6116574007237474,1527.6175037884402,0.19470552691949555,1.2224751325531331,0.4852697918418484,0.9486833046264506,0.940985800320418,0.025318877951071208,0.3894110538389911
2019-11-21,Thursday,281487187402.7212,19.777841405305107,1.6601394245741798,0.4579289538824024,1.6122319909925018,1529.4042546055625,0.19163627012245604,1.263543563810975,0.4894070875358171,0.9510037138267168,0.9436542709007244,0.02340613625799593,0.3832725402449119
2019-11-22,Friday,281385069125.2945,19.729342954142595,1.6611654949138903,0.4580533682258089,1.6123972720829105,1529.0679872033106,0.17289346046544574,1.1156585906485674,0.4814123413618149,0.9207331435159848,0.9088431150433828,0.03158428171321636,0.34578692093089153
2019-11-25,Monday,281596844342.0185,18.21211221759297,1.6605512865569283,0.4569897786089754,1.6104852727462695,1522.2447307681348,0.1547163379077766,1.2334451770743828,0.480220758226986,0.962741206794693,0.957152387813897,0.011443954748628823,0.3094326758155532
2019-11-26,Tuesday,281444130632.7097,18.70889215691195,1.6604015398395364,0.4573407999005846,1.6110904655727707,1525.0010958016503,0.16145019649770806,1.169205923946132,0.4779034699691,0.9631784605523114,0.957655229635158,0.012268678304606435,0.3229003929954161
2019-11-27,Wednesday,281386883917.05896,18.76827382721697,1.6610786373402315,0.4573407556057146,1.6111484281583324,1524.7691758014034,0.12294882192680474,1.0146596507410792,0.4862918575202016,0.9582247649913248,0.9519584797400236,0.008034313160216184,0.2458976438536095
2019-11-29,Friday,281415737731.4496,19.042857300721465,1.6606016323060981,0.4574336344907772,1.6112551755755813,1526.6525451654034,0.08725136973307535,0.7424660489474088,0.4840588107149974,0.9927707775781808,0.9916863942149079,0.0006617917840632921,0.1745027394661507
2019-12-02,Monday,281365875035.8692,17.98134724089025,1.6616142478211444,0.4568041702996123,1.6102737779461918,1520.2039550966274,0.16554692441839722,1.299862034887978,0.480864072414802,0.957756371722434,0.9514198274807992,0.014976449671826653,0.33109384883679444
2019-12-03,Tuesday,281356684127.5181,18.14528673251661,1.6612394708602791,0.45697457475298303,1.6105666505227771,1522.093230962081,0.1783244446375485,1.2579268509185992,0.4741665109781271,0.9587941327633848,0.9526132526778924,0.0169020343521316,0.356648889275097
2019-12-04,Wednesday,281329569995.9096,17.780425414854125,1.6620937773675115,0.4568889526561412,1.610438116878506,1519.7585552320763,0.17863578215474565,1.271239284572304,0.4657685995794935,0.9558729092526708,0.9492538456405716,0.01822984746439844,0.35727156430949125
2019-12-05,Thursday,281328612411.8029,17.779645975084993,1.6611563598847143,0.4568264248204899,1.6101485558516049,1519.6743650053713,0.18246626894603848,1.2136191097522109,0.4646357338712005,0.9561818437352853,0.9496091202955778,0.01882936389674829,0.3649325378920769
2019-12-06,Friday,281376749110.1028,17.979922031164968,1.661281297420334,0.4569088991003353,1.6104087632776936,1521.0454334218516,0.16749880475830836,1.123995258469088,0.46001043873115294,0.9307197718002068,0.920327737570238,0.02564434030275165,0.3349976095166167
2019-12-09,Monday,281370221685.3162,17.790303258718488,1.6605662591316854,0.4566865961777672,1.6099303531549265,1519.2431488701313,0.17793494780035626,1.274464065011616,0.4798971049596002,0.9547010384819492,0.9479061942542416,0.018592817534048817,0.3558698956007125
2019-12-10,Tuesday,281538272345.6926,17.825859031455227,1.6609132247063283,0.4568068231234058,1.6101885183781737,1520.1234937476318,0.1783431742950034,1.2707754513212557,0.4754883879895323,0.9549362027157008,0.9481766331230559,0.018573706927725992,0.3566863485900068
2019-12-11,Wednesday,281463193642.3872,17.880540540903738,1.6611918797505545,0.4568337355900535,1.6102649885323277,1520.5499222851945,0.18171561891104104,1.2379579421830438,0.4779454603406785,0.9581503768907528,0.9518729334243656,0.017820561063479103,0.3634312378220821
2019-12-12,Thursday,281329376027.4781,17.405277655572007,1.6613860076706533,0.4566062839549328,1.6099491771996448,1517.8649842241489,0.17725587986566338,1.2266333383032528,0.4654107931431662,0.958043791953948,0.9517503607470402,0.016992298309734612,0.3545117597313268
2019-12-13,Friday,281479466603.31146,17.525644622782632,1.6617832798005647,0.456753397307275,1.6101269176005335,1518.9940964157486,0.1654856883786268,1.0871721356394266,0.459768898845181,0.9312262443817378,0.9209101810389986,0.024777895706690367,0.3309713767572536
2019-12-16,Monday,281371194490.39844,17.157796615536444,1.6613394862503068,0.4564667490077777,1.6095917558462147,1516.9224232300924,0.16581714519426566,1.3029988715588687,0.4742195704465615,0.9597112740642736,0.9536679651739144,0.01430264436122014,0.3316342903885313
2019-12-17,Tuesday,281539444226.11835,17.44680995956992,1.6614985247389922,0.4565665412703466,1.6098171054622483,1518.6584108791046,0.16956874848439854,1.2439167961555753,0.4774849800230115,0.9540448328836528,0.9471515578162008,0.017118242630105498,0.3391374969687971
2019-12-18,Wednesday,281357192073.616,17.493581269083442,1.661934867621538,0.4567008780202206,1.609976498626328,1518.7678092653105,0.1687170098316181,1.27137528829788,0.4669845074302283,0.9579920187007048,0.9516908215058104,0.015446540218786109,0.3374340196632362
2019-12-19,Thursday,281290196226.3492,17.668832981894322,1.6614744211347887,0.45664450024155,1.6099524609162508,1518.9589460987204,0.1713572809105217,1.1824775214085408,0.4652822849792775,0.9550862321417428,0.9483491669630044,0.017013200118916487,0.3427145618210434
2019-12-20,Friday,281404920461.0758,18.088990183442487,1.6607603230447106,0.4568463697016119,1.6102762782438598,1521.9314313387556,0.14994898476495522,1.0553133696245998,0.4617979258745314,0.9310613551738474,0.9207205584499244,0.020353377541494203,0.29989796952991044
2019-12-23,Monday,281351772291.306,17.816346607025014,1.6613885505481119,0.4566590785766218,1.6099328426470518,1520.3431612771747,0.12347396463761005,0.9872057347718192,0.4776423280254698,0.9884030706181124,0.9866635312108294,0.002176486472001411,0.24694792927522005
2019-12-24,Tuesday,281528800140.6705,18.064247123408943,1.661442721075509,0.4568203937809546,1.6102040331583574,1522.0716420037534,0.09670315756375276,0.5383671730869376,0.4962832294751773,0.9153653317630841,0.9026701315275468,0.010161195760026706,0.1934063151275056
2019-12-26,Thursday,281330434793.6041,19.042964954836965,1.6603861918729637,0.4573714438211897,1.6112140871177016,1526.7135281809235,0.1043439356017936,0.9020965764614906,0.4994927576064425,0.9939199835164464,0.9930079810439132,0.0008052184260401573,0.2086878712035872
2019-12-27,Friday,281450641032.10986,18.448801774512006,1.6605333117738537,0.4568968277372473,1.6103456967437255,1523.0111475191538,0.10404589661955553,0.8563937835444543,0.4718710050020384,0.9858139364968526,0.9836860269713804,0.0018767001819273961,0.20809179323911106
2019-12-30,Monday,281685840713.6917,18.147005472331163,1.6596650649412437,0.4566292303954951,1.6098101717493696,1523.243360768828,0.10862393414794566,1.0651843458560923,0.4840395907903973,0.984530688601704,0.9822102918919596,0.0022680060430908004,0.21724786829589127
2019-12-31,Tuesday,281644587554.7233,18.232792303592426,1.6594929245283017,0.4566377490816811,1.6098219720024345,1522.9528301886792,0.0885250186535162,0.5863135922177449,0.4746818835133282,0.739396728004362,0.7003062372050163,0.03257411617586452,0.1770500373070324
